#️⃣	hash key	hash key|hash
*️⃣	keycap: *	keycap: *|keycap star
0️⃣	keycap: 0	0|keycap|zero
1️⃣	keycap: 1	1|keycap|one
2️⃣	keycap: 2	2|keycap|two
3️⃣	keycap: 3	3|keycap|three
4️⃣	keycap: 4	4|four|keycap
5️⃣	keycap: 5	5|five|keycap
6️⃣	keycap: 6	6|keycap|six
7️⃣	keycap: 7	7|keycap|seven
8️⃣	keycap: 8	8|eight|keycap
9️⃣	keycap: 9	9|keycap|nine
©️	copyright	C|copyright
®️	registered	R|registered
‼️	double exclamation mark	!|!!|bangbang|double|exclamation|mark|punctuation
⁉️	exclamation question mark	!|!?|?|exclamation|interrobang|mark|punctuation|question
™️	trade mark	mark|TM|trade|trademark
ℹ️	information	I|information
↔️	left-right arrow	arrow|left-right
↕️	up-down arrow	arrow|up-down
↖️	up-left arrow	arrow|direction|intercardinal|northwest|up-left
↗️	up-right arrow	arrow|direction|intercardinal|northeast|up-right
↘️	down-right arrow	arrow|direction|down-right|intercardinal|southeast
↙️	down-left arrow	arrow|direction|down-left|intercardinal|southwest
↩️	right arrow curving left	arrow|curving|left|right
↪️	left arrow curving right	arrow|curving|left|right
⌚	watch	clock|time|watch
⌛	hourglass done	done|hourglass|sand|time|timer
⌨️	keyboard	computer|keyboard
⏏️	eject button	button|eject
⏩	fast-forward button	arrow|button|double|fast|fast-forward|forward
⏪	fast reverse button	arrow|button|double|fast|reverse|rewind
⏫	fast up button	arrow|button|double|fast|up
⏬	fast down button	arrow|button|double|down|fast
⏭️	next track button	arrow|button|next|scene|track|triangle
⏮️	last track button	arrow|button|last|previous|scene|track|triangle
⏯️	play or pause button	arrow|button|pause|play|right|triangle
⏰	alarm clock	alarm|clock|hours|hrs|late|time|waiting
⏱️	stopwatch	clock|stopwatch|time
⏲️	timer clock	clock|timer
⏳	hourglass not done	done|flowing|hourglass|hours|not|sand|timer|waiting|yolo
⏸️	pause button	bar|button|double|pause|vertical
⏹️	stop button	button|square|stop
⏺️	record button	button|circle|record
Ⓜ️	circled M	circle|circled|M
▪️	black small square	black|geometric|small|square
▫️	white small square	geometric|small|square|white
▶️	play button	arrow|button|play|right|triangle
◀️	reverse button	arrow|button|left|reverse|triangle
◻️	white medium square	geometric|medium|square|white
◼️	black medium square	black|geometric|medium|square
◽	white medium-small square	geometric|medium-small|square|white
◾	black medium-small square	black|geometric|medium-small|square
☀️	sun	bright|rays|space|sun|sunny|weather
☁️	cloud	cloud|weather
☂️	umbrella	clothing|rain|umbrella
☃️	snowman	cold|man|snow|snowman
☄️	comet	comet|space
☎️	telephone	phone|telephone
☑️	check box with check	✓|ballot|box|check|checked|done|off|tick
☔	umbrella with rain drops	clothing|drop|drops|rain|umbrella|weather
☕	hot beverage	beverage|cafe|caffeine|chai|coffee|drink|hot|morning|steaming|tea
☘️	shamrock	irish|plant|shamrock
☝️	index pointing up	finger|hand|index|point|pointing|this|up
☠️	skull and crossbones	bone|crossbones|dead|death|face|monster|skull
☢️	radioactive	radioactive|sign
☣️	biohazard	biohazard|sign
☦️	orthodox cross	Christian|cross|orthodox|religion
☪️	star and crescent	crescent|islam|Muslim|ramadan|religion|star
☮️	peace symbol	healing|peace|peaceful|symbol
☯️	yin yang	difficult|lives|religion|tao|taoist|total|yang|yin|yinyang
☸️	wheel of dharma	Buddhist|dharma|religion|wheel
☹️	frowning face	face|frown|frowning|sad
☺️	smiling face	face|happy|outlined|relaxed|smile|smiling
♀️	female sign	female|sign|woman
♂️	male sign	male|man|sign
♈	Aries	Aries|horoscope|ram|zodiac
♉	Taurus	bull|horoscope|ox|Taurus|zodiac
♊	Gemini	Gemini|horoscope|twins|zodiac
♋	Cancer	Cancer|crab|horoscope|zodiac
♌	Leo	horoscope|Leo|lion|zodiac
♍	Virgo	horoscope|Virgo|zodiac
♎	Libra	balance|horoscope|justice|Libra|scales|zodiac
♏	Scorpio	horoscope|Scorpio|scorpion|Scorpius|zodiac
♐	Sagittarius	archer|horoscope|Sagittarius|zodiac
♑	Capricorn	Capricorn|goat|horoscope|zodiac
♒	Aquarius	Aquarius|bearer|horoscope|water|zodiac
♓	Pisces	fish|horoscope|Pisces|zodiac
♟️	chess pawn	chess|dupe|expendable|pawn
♠️	spade suit	card|game|spade|suit
♣️	club suit	card|club|clubs|game|suit
♥️	heart suit	card|emotion|game|heart|hearts|suit
♦️	diamond suit	card|diamond|game|suit
♨️	hot springs	hot|hotsprings|springs|steaming
♻️	recycling symbol	recycle|recycling|symbol
♾️	infinity	forever|infinity|unbounded|universal
♿	wheelchair symbol	access|handicap|symbol|wheelchair
⚒️	hammer and pick	hammer|pick|tool
⚓	anchor	anchor|ship|tool
⚔️	crossed swords	crossed|swords|weapon
⚕️	medical symbol	aesculapius|medical|medicine|staff|symbol
⚖️	balance scale	balance|justice|Libra|scale|scales|tool|weight|zodiac
⚗️	alembic	alembic|chemistry|tool
⚙️	gear	cog|cogwheel|gear|tool
⚛️	atom symbol	atheist|atom|symbol
⚜️	fleur-de-lis	fleur-de-lis|knights
⚠️	warning	caution|warning
⚡	high voltage	danger|electric|electricity|high|lightning|nature|thunder|thunderbolt|voltage|zap
⚧️	transgender symbol	symbol|transgender
⚪	white circle	circle|geometric|white
⚫	black circle	black|circle|geometric
⚰️	coffin	coffin|dead|death|vampire
⚱️	funeral urn	ashes|death|funeral|urn
⚽	soccer ball	ball|football|futbol|soccer|sport
⚾	baseball	ball|baseball|sport
⛄	snowman without snow	cold|man|snow|snowman
⛅	sun behind cloud	behind|cloud|cloudy|sun|weather
⛈️	cloud with lightning and rain	cloud|lightning|rain|thunder|thunderstorm
⛎	Ophiuchus	bearer|Ophiuchus|serpent|snake|zodiac
⛏️	pick	hammer|mining|pick|tool
⛑️	rescue worker’s helmet	aid|cross|face|hat|helmet|rescue|worker’s
⛓️	chains	chain|chains
⛓️‍💥	broken chain	break|breaking|broken|chain|cuffs|freedom
⛔	no entry	do|entry|fail|forbidden|no|not|pass|prohibited|traffic
⛩️	shinto shrine	religion|shinto|shrine
⛪	church	bless|chapel|Christian|church|cross|religion
⛰️	mountain	mountain
⛱️	umbrella on ground	ground|rain|sun|umbrella
⛲	fountain	fountain
⛳	flag in hole	flag|golf|hole|sport
⛴️	ferry	boat|ferry|passenger
⛵	sailboat	boat|resort|sailboat|sailing|sea|yacht
⛷️	skier	ski|skier|snow
⛸️	ice skate	ice|skate|skating
⛹️	person bouncing ball	athletic|ball|basketball|bouncing|championship|dribble|net|person|player|throw
⛹️‍♀️	woman bouncing ball	athletic|ball|basketball|bouncing|championship|dribble|net|player|throw|woman
⛹️‍♂️	man bouncing ball	athletic|ball|basketball|bouncing|championship|dribble|man|net|player|throw
⛺	tent	camping|tent
⛽	fuel pump	diesel|fuel|fuelpump|gas|gasoline|pump|station
✂️	scissors	cut|cutting|paper|scissors|tool
✅	check mark button	✓|button|check|checked|checkmark|complete|completed|done|fixed|mark|tick
✈️	airplane	aeroplane|airplane|fly|flying|jet|plane|travel
✉️	envelope	e-mail|email|envelope|letter
✊	raised fist	clenched|fist|hand|punch|raised|solidarity
✋	raised hand	5|five|hand|high|raised|stop
✌️	victory hand	hand|peace|v|victory
✍️	writing hand	hand|write|writing
✏️	pencil	pencil
✒️	black nib	black|nib|pen
✔️	check mark	✓|check|checked|checkmark|done|heavy|mark|tick
✖️	multiply	×|cancel|multiplication|multiply|sign|x
✝️	latin cross	christ|Christian|cross|latin|religion
✡️	star of David	David|Jew|Jewish|judaism|religion|star
✨	sparkles	*|magic|sparkle|sparkles|star
✳️	eight-spoked asterisk	*|asterisk|eight-spoked
✴️	eight-pointed star	*|eight-pointed|star
❄️	snowflake	cold|snow|snowflake|weather
❇️	sparkle	*|sparkle
❌	cross mark	×|cancel|cross|mark|multiplication|multiply|x
❎	cross mark button	×|button|cross|mark|multiplication|multiply|square|x
❓	red question mark	?|mark|punctuation|question|red
❔	white question mark	?|mark|outlined|punctuation|question|white
❕	white exclamation mark	!|exclamation|mark|outlined|punctuation|white
❗	red exclamation mark	!|exclamation|mark|punctuation|red
❣️	heart exclamation	exclamation|heart|heavy|mark|punctuation
❤️	red heart	emotion|heart|love|red
❤️‍🔥	heart on fire	burn|fire|heart|love|lust|sacred
❤️‍🩹	mending heart	healthier|heart|improving|mending|recovering|recuperating|well
➕	plus	+|plus
➖	minus	-|−|heavy|math|minus|sign
➗	divide	÷|divide|division|heavy|math|sign
➡️	right arrow	arrow|cardinal|direction|east|right
➰	curly loop	curl|curly|loop
➿	double curly loop	curl|curly|double|loop
⤴️	right arrow curving up	arrow|curving|right|up
⤵️	right arrow curving down	arrow|curving|down|right
⬅️	left arrow	arrow|cardinal|direction|left|west
⬆️	up arrow	arrow|cardinal|direction|north|up
⬇️	down arrow	arrow|cardinal|direction|down|south
⬛	black large square	black|geometric|large|square
⬜	white large square	geometric|large|square|white
⭐	star	astronomy|medium|star|stars|white
⭕	hollow red circle	circle|heavy|hollow|large|o|red
〰️	wavy dash	dash|punctuation|wavy
〽️	part alternation mark	alternation|mark|part
㊗️	Japanese “congratulations” button	button|congratulations|ideograph|Japanese
㊙️	Japanese “secret” button	button|ideograph|Japanese|secret
🀄	mahjong red dragon	dragon|game|mahjong|red
🃏	joker	card|game|joker|wildcard
🅰️	A button (blood type)	blood|button|type
🅱️	B button (blood type)	B|blood|button|type
🅾️	O button (blood type)	blood|button|O|type
🅿️	P button	button|P|parking
🆎	AB button (blood type)	AB|blood|button|type
🆑	CL button	button|CL
🆒	COOL button	button|COOL
🆓	FREE button	button|FREE
🆔	ID button	button|ID|identity
🆕	NEW button	button|NEW
🆖	NG button	button|NG
🆗	OK button	button|OK|okay
🆘	SOS button	button|help|SOS
🆙	UP! button	button|mark|UP|UP!
🆚	VS button	button|versus|VS
🇦🇨	ascension island flag	ascension island flag|flag-ac
🇦🇩	andorra flag	andorra flag|flag-ad
🇦🇪	united arab emirates flag	united arab emirates flag|flag-ae
🇦🇫	afghanistan flag	afghanistan flag|flag-af
🇦🇬	antigua & barbuda flag	antigua & barbuda flag|flag-ag
🇦🇮	anguilla flag	anguilla flag|flag-ai
🇦🇱	albania flag	albania flag|flag-al
🇦🇲	armenia flag	armenia flag|flag-am
🇦🇴	angola flag	angola flag|flag-ao
🇦🇶	antarctica flag	antarctica flag|flag-aq
🇦🇷	argentina flag	argentina flag|flag-ar
🇦🇸	american samoa flag	american samoa flag|flag-as
🇦🇹	austria flag	austria flag|flag-at
🇦🇺	australia flag	australia flag|flag-au
🇦🇼	aruba flag	aruba flag|flag-aw
🇦🇽	åland islands flag	åland islands flag|flag-ax
🇦🇿	azerbaijan flag	azerbaijan flag|flag-az
🇧🇦	bosnia & herzegovina flag	bosnia & herzegovina flag|flag-ba
🇧🇧	barbados flag	barbados flag|flag-bb
🇧🇩	bangladesh flag	bangladesh flag|flag-bd
🇧🇪	belgium flag	belgium flag|flag-be
🇧🇫	burkina faso flag	burkina faso flag|flag-bf
🇧🇬	bulgaria flag	bulgaria flag|flag-bg
🇧🇭	bahrain flag	bahrain flag|flag-bh
🇧🇮	burundi flag	burundi flag|flag-bi
🇧🇯	benin flag	benin flag|flag-bj
🇧🇱	st. barthélemy flag	st. barthélemy flag|flag-bl
🇧🇲	bermuda flag	bermuda flag|flag-bm
🇧🇳	brunei flag	brunei flag|flag-bn
🇧🇴	bolivia flag	bolivia flag|flag-bo
🇧🇶	caribbean netherlands flag	caribbean netherlands flag|flag-bq
🇧🇷	brazil flag	brazil flag|flag-br
🇧🇸	bahamas flag	bahamas flag|flag-bs
🇧🇹	bhutan flag	bhutan flag|flag-bt
🇧🇻	bouvet island flag	bouvet island flag|flag-bv
🇧🇼	botswana flag	botswana flag|flag-bw
🇧🇾	belarus flag	belarus flag|flag-by
🇧🇿	belize flag	belize flag|flag-bz
🇨🇦	canada flag	canada flag|flag-ca
🇨🇨	cocos (keeling) islands flag	cocos (keeling) islands flag|flag-cc
🇨🇩	congo - kinshasa flag	congo - kinshasa flag|flag-cd
🇨🇫	central african republic flag	central african republic flag|flag-cf
🇨🇬	congo - brazzaville flag	congo - brazzaville flag|flag-cg
🇨🇭	switzerland flag	switzerland flag|flag-ch
🇨🇮	côte d’ivoire flag	côte d’ivoire flag|flag-ci
🇨🇰	cook islands flag	cook islands flag|flag-ck
🇨🇱	chile flag	chile flag|flag-cl
🇨🇲	cameroon flag	cameroon flag|flag-cm
🇨🇳	china flag	china flag|cn|flag-cn
🇨🇴	colombia flag	colombia flag|flag-co
🇨🇵	clipperton island flag	clipperton island flag|flag-cp
🇨🇶	sark flag	sark flag|flag-sark
🇨🇷	costa rica flag	costa rica flag|flag-cr
🇨🇺	cuba flag	cuba flag|flag-cu
🇨🇻	cape verde flag	cape verde flag|flag-cv
🇨🇼	curaçao flag	curaçao flag|flag-cw
🇨🇽	christmas island flag	christmas island flag|flag-cx
🇨🇾	cyprus flag	cyprus flag|flag-cy
🇨🇿	czechia flag	czechia flag|flag-cz
🇩🇪	germany flag	germany flag|de|flag-de
🇩🇬	diego garcia flag	diego garcia flag|flag-dg
🇩🇯	djibouti flag	djibouti flag|flag-dj
🇩🇰	denmark flag	denmark flag|flag-dk
🇩🇲	dominica flag	dominica flag|flag-dm
🇩🇴	dominican republic flag	dominican republic flag|flag-do
🇩🇿	algeria flag	algeria flag|flag-dz
🇪🇦	ceuta & melilla flag	ceuta & melilla flag|flag-ea
🇪🇨	ecuador flag	ecuador flag|flag-ec
🇪🇪	estonia flag	estonia flag|flag-ee
🇪🇬	egypt flag	egypt flag|flag-eg
🇪🇭	western sahara flag	western sahara flag|flag-eh
🇪🇷	eritrea flag	eritrea flag|flag-er
🇪🇸	spain flag	spain flag|es|flag-es
🇪🇹	ethiopia flag	ethiopia flag|flag-et
🇪🇺	european union flag	european union flag|flag-eu
🇫🇮	finland flag	finland flag|flag-fi
🇫🇯	fiji flag	fiji flag|flag-fj
🇫🇰	falkland islands flag	falkland islands flag|flag-fk
🇫🇲	micronesia flag	micronesia flag|flag-fm
🇫🇴	faroe islands flag	faroe islands flag|flag-fo
🇫🇷	france flag	france flag|fr|flag-fr
🇬🇦	gabon flag	gabon flag|flag-ga
🇬🇧	united kingdom flag	united kingdom flag|gb|uk|flag-gb
🇬🇩	grenada flag	grenada flag|flag-gd
🇬🇪	georgia flag	georgia flag|flag-ge
🇬🇫	french guiana flag	french guiana flag|flag-gf
🇬🇬	guernsey flag	guernsey flag|flag-gg
🇬🇭	ghana flag	ghana flag|flag-gh
🇬🇮	gibraltar flag	gibraltar flag|flag-gi
🇬🇱	greenland flag	greenland flag|flag-gl
🇬🇲	gambia flag	gambia flag|flag-gm
🇬🇳	guinea flag	guinea flag|flag-gn
🇬🇵	guadeloupe flag	guadeloupe flag|flag-gp
🇬🇶	equatorial guinea flag	equatorial guinea flag|flag-gq
🇬🇷	greece flag	greece flag|flag-gr
🇬🇸	south georgia & south sandwich islands flag	south georgia & south sandwich islands flag|flag-gs
🇬🇹	guatemala flag	guatemala flag|flag-gt
🇬🇺	guam flag	guam flag|flag-gu
🇬🇼	guinea-bissau flag	guinea-bissau flag|flag-gw
🇬🇾	guyana flag	guyana flag|flag-gy
🇭🇰	hong kong sar china flag	hong kong sar china flag|flag-hk
🇭🇲	heard & mcdonald islands flag	heard & mcdonald islands flag|flag-hm
🇭🇳	honduras flag	honduras flag|flag-hn
🇭🇷	croatia flag	croatia flag|flag-hr
🇭🇹	haiti flag	haiti flag|flag-ht
🇭🇺	hungary flag	hungary flag|flag-hu
🇮🇨	canary islands flag	canary islands flag|flag-ic
🇮🇩	indonesia flag	indonesia flag|flag-id
🇮🇪	ireland flag	ireland flag|flag-ie
🇮🇱	israel flag	israel flag|flag-il
🇮🇲	isle of man flag	isle of man flag|flag-im
🇮🇳	india flag	india flag|flag-in
🇮🇴	british indian ocean territory flag	british indian ocean territory flag|flag-io
🇮🇶	iraq flag	iraq flag|flag-iq
🇮🇷	iran flag	iran flag|flag-ir
🇮🇸	iceland flag	iceland flag|flag-is
🇮🇹	italy flag	italy flag|it|flag-it
🇯🇪	jersey flag	jersey flag|flag-je
🇯🇲	jamaica flag	jamaica flag|flag-jm
🇯🇴	jordan flag	jordan flag|flag-jo
🇯🇵	japan flag	japan flag|jp|flag-jp
🇰🇪	kenya flag	kenya flag|flag-ke
🇰🇬	kyrgyzstan flag	kyrgyzstan flag|flag-kg
🇰🇭	cambodia flag	cambodia flag|flag-kh
🇰🇮	kiribati flag	kiribati flag|flag-ki
🇰🇲	comoros flag	comoros flag|flag-km
🇰🇳	st. kitts & nevis flag	st. kitts & nevis flag|flag-kn
🇰🇵	north korea flag	north korea flag|flag-kp
🇰🇷	south korea flag	south korea flag|kr|flag-kr
🇰🇼	kuwait flag	kuwait flag|flag-kw
🇰🇾	cayman islands flag	cayman islands flag|flag-ky
🇰🇿	kazakhstan flag	kazakhstan flag|flag-kz
🇱🇦	laos flag	laos flag|flag-la
🇱🇧	lebanon flag	lebanon flag|flag-lb
🇱🇨	st. lucia flag	st. lucia flag|flag-lc
🇱🇮	liechtenstein flag	liechtenstein flag|flag-li
🇱🇰	sri lanka flag	sri lanka flag|flag-lk
🇱🇷	liberia flag	liberia flag|flag-lr
🇱🇸	lesotho flag	lesotho flag|flag-ls
🇱🇹	lithuania flag	lithuania flag|flag-lt
🇱🇺	luxembourg flag	luxembourg flag|flag-lu
🇱🇻	latvia flag	latvia flag|flag-lv
🇱🇾	libya flag	libya flag|flag-ly
🇲🇦	morocco flag	morocco flag|flag-ma
🇲🇨	monaco flag	monaco flag|flag-mc
🇲🇩	moldova flag	moldova flag|flag-md
🇲🇪	montenegro flag	montenegro flag|flag-me
🇲🇫	st. martin flag	st. martin flag|flag-mf
🇲🇬	madagascar flag	madagascar flag|flag-mg
🇲🇭	marshall islands flag	marshall islands flag|flag-mh
🇲🇰	north macedonia flag	north macedonia flag|flag-mk
🇲🇱	mali flag	mali flag|flag-ml
🇲🇲	myanmar (burma) flag	myanmar (burma) flag|flag-mm
🇲🇳	mongolia flag	mongolia flag|flag-mn
🇲🇴	macao sar china flag	macao sar china flag|flag-mo
🇲🇵	northern mariana islands flag	northern mariana islands flag|flag-mp
🇲🇶	martinique flag	martinique flag|flag-mq
🇲🇷	mauritania flag	mauritania flag|flag-mr
🇲🇸	montserrat flag	montserrat flag|flag-ms
🇲🇹	malta flag	malta flag|flag-mt
🇲🇺	mauritius flag	mauritius flag|flag-mu
🇲🇻	maldives flag	maldives flag|flag-mv
🇲🇼	malawi flag	malawi flag|flag-mw
🇲🇽	mexico flag	mexico flag|flag-mx
🇲🇾	malaysia flag	malaysia flag|flag-my
🇲🇿	mozambique flag	mozambique flag|flag-mz
🇳🇦	namibia flag	namibia flag|flag-na
🇳🇨	new caledonia flag	new caledonia flag|flag-nc
🇳🇪	niger flag	niger flag|flag-ne
🇳🇫	norfolk island flag	norfolk island flag|flag-nf
🇳🇬	nigeria flag	nigeria flag|flag-ng
🇳🇮	nicaragua flag	nicaragua flag|flag-ni
🇳🇱	netherlands flag	netherlands flag|flag-nl
🇳🇴	norway flag	norway flag|flag-no
🇳🇵	nepal flag	nepal flag|flag-np
🇳🇷	nauru flag	nauru flag|flag-nr
🇳🇺	niue flag	niue flag|flag-nu
🇳🇿	new zealand flag	new zealand flag|flag-nz
🇴🇲	oman flag	oman flag|flag-om
🇵🇦	panama flag	panama flag|flag-pa
🇵🇪	peru flag	peru flag|flag-pe
🇵🇫	french polynesia flag	french polynesia flag|flag-pf
🇵🇬	papua new guinea flag	papua new guinea flag|flag-pg
🇵🇭	philippines flag	philippines flag|flag-ph
🇵🇰	pakistan flag	pakistan flag|flag-pk
🇵🇱	poland flag	poland flag|flag-pl
🇵🇲	st. pierre & miquelon flag	st. pierre & miquelon flag|flag-pm
🇵🇳	pitcairn islands flag	pitcairn islands flag|flag-pn
🇵🇷	puerto rico flag	puerto rico flag|flag-pr
🇵🇸	palestinian territories flag	palestinian territories flag|flag-ps
🇵🇹	portugal flag	portugal flag|flag-pt
🇵🇼	palau flag	palau flag|flag-pw
🇵🇾	paraguay flag	paraguay flag|flag-py
🇶🇦	qatar flag	qatar flag|flag-qa
🇷🇪	réunion flag	réunion flag|flag-re
🇷🇴	romania flag	romania flag|flag-ro
🇷🇸	serbia flag	serbia flag|flag-rs
🇷🇺	russia flag	russia flag|ru|flag-ru
🇷🇼	rwanda flag	rwanda flag|flag-rw
🇸🇦	saudi arabia flag	saudi arabia flag|flag-sa
🇸🇧	solomon islands flag	solomon islands flag|flag-sb
🇸🇨	seychelles flag	seychelles flag|flag-sc
🇸🇩	sudan flag	sudan flag|flag-sd
🇸🇪	sweden flag	sweden flag|flag-se
🇸🇬	singapore flag	singapore flag|flag-sg
🇸🇭	st. helena flag	st. helena flag|flag-sh
🇸🇮	slovenia flag	slovenia flag|flag-si
🇸🇯	svalbard & jan mayen flag	svalbard & jan mayen flag|flag-sj
🇸🇰	slovakia flag	slovakia flag|flag-sk
🇸🇱	sierra leone flag	sierra leone flag|flag-sl
🇸🇲	san marino flag	san marino flag|flag-sm
🇸🇳	senegal flag	senegal flag|flag-sn
🇸🇴	somalia flag	somalia flag|flag-so
🇸🇷	suriname flag	suriname flag|flag-sr
🇸🇸	south sudan flag	south sudan flag|flag-ss
🇸🇹	são tomé & príncipe flag	são tomé & príncipe flag|flag-st
🇸🇻	el salvador flag	el salvador flag|flag-sv
🇸🇽	sint maarten flag	sint maarten flag|flag-sx
🇸🇾	syria flag	syria flag|flag-sy
🇸🇿	eswatini flag	eswatini flag|flag-sz
🇹🇦	tristan da cunha flag	tristan da cunha flag|flag-ta
🇹🇨	turks & caicos islands flag	turks & caicos islands flag|flag-tc
🇹🇩	chad flag	chad flag|flag-td
🇹🇫	french southern territories flag	french southern territories flag|flag-tf
🇹🇬	togo flag	togo flag|flag-tg
🇹🇭	thailand flag	thailand flag|flag-th
🇹🇯	tajikistan flag	tajikistan flag|flag-tj
🇹🇰	tokelau flag	tokelau flag|flag-tk
🇹🇱	timor-leste flag	timor-leste flag|flag-tl
🇹🇲	turkmenistan flag	turkmenistan flag|flag-tm
🇹🇳	tunisia flag	tunisia flag|flag-tn
🇹🇴	tonga flag	tonga flag|flag-to
🇹🇷	türkiye flag	türkiye flag|flag-tr
🇹🇹	trinidad & tobago flag	trinidad & tobago flag|flag-tt
🇹🇻	tuvalu flag	tuvalu flag|flag-tv
🇹🇼	taiwan flag	taiwan flag|flag-tw
🇹🇿	tanzania flag	tanzania flag|flag-tz
🇺🇦	ukraine flag	ukraine flag|flag-ua
🇺🇬	uganda flag	uganda flag|flag-ug
🇺🇲	u.s. outlying islands flag	u.s. outlying islands flag|flag-um
🇺🇳	united nations flag	united nations flag|flag-un
🇺🇸	united states flag	united states flag|us|flag-us
🇺🇾	uruguay flag	uruguay flag|flag-uy
🇺🇿	uzbekistan flag	uzbekistan flag|flag-uz
🇻🇦	vatican city flag	vatican city flag|flag-va
🇻🇨	st. vincent & grenadines flag	st. vincent & grenadines flag|flag-vc
🇻🇪	venezuela flag	venezuela flag|flag-ve
🇻🇬	british virgin islands flag	british virgin islands flag|flag-vg
🇻🇮	u.s. virgin islands flag	u.s. virgin islands flag|flag-vi
🇻🇳	vietnam flag	vietnam flag|flag-vn
🇻🇺	vanuatu flag	vanuatu flag|flag-vu
🇼🇫	wallis & futuna flag	wallis & futuna flag|flag-wf
🇼🇸	samoa flag	samoa flag|flag-ws
🇽🇰	kosovo flag	kosovo flag|flag-xk
🇾🇪	yemen flag	yemen flag|flag-ye
🇾🇹	mayotte flag	mayotte flag|flag-yt
🇿🇦	south africa flag	south africa flag|flag-za
🇿🇲	zambia flag	zambia flag|flag-zm
🇿🇼	zimbabwe flag	zimbabwe flag|flag-zw
🈁	Japanese “here” button	button|here|Japanese|katakana
🈂️	Japanese “service charge” button	button|charge|Japanese|katakana|service
🈚	Japanese “free of charge” button	button|charge|free|ideograph|Japanese
🈯	Japanese “reserved” button	button|ideograph|Japanese|reserved
🈲	Japanese “prohibited” button	button|ideograph|Japanese|prohibited
🈳	Japanese “vacancy” button	button|ideograph|Japanese|vacancy
🈴	Japanese “passing grade” button	button|grade|ideograph|Japanese|passing
🈵	Japanese “no vacancy” button	button|ideograph|Japanese|no|vacancy
🈶	Japanese “not free of charge” button	button|charge|free|ideograph|Japanese|not
🈷️	Japanese “monthly amount” button	amount|button|ideograph|Japanese|monthly
🈸	Japanese “application” button	application|button|ideograph|Japanese
🈹	Japanese “discount” button	button|discount|ideograph|Japanese
🈺	Japanese “open for business” button	business|button|ideograph|Japanese|open
🉐	Japanese “bargain” button	bargain|button|ideograph|Japanese
🉑	Japanese “acceptable” button	acceptable|button|ideograph|Japanese
🌀	cyclone	cyclone|dizzy|hurricane|twister|typhoon|weather
🌁	foggy	fog|foggy
🌂	closed umbrella	closed|clothing|rain|umbrella
🌃	night with stars	night|star|stars
🌄	sunrise over mountains	morning|mountains|over|sun|sunrise
🌅	sunrise	morning|nature|sun|sunrise
🌆	cityscape at dusk	at|building|city|cityscape|dusk|evening|landscape|sun|sunset
🌇	sunset	building|dusk|sun|sunset
🌈	rainbow	gay|genderqueer|glbt|glbtq|lesbian|lgbt|lgbtq|lgbtqia|nature|pride|queer|rain|rainbow|trans|transgender|weather
🌉	bridge at night	at|bridge|night
🌊	water wave	nature|ocean|surf|surfer|surfing|water|wave
🌋	volcano	eruption|mountain|nature|volcano
🌌	milky way	milky|space|way
🌍	globe showing Europe-Africa	Africa|earth|Europe|Europe-Africa|globe|showing|world
🌎	globe showing Americas	Americas|earth|globe|showing|world
🌏	globe showing Asia-Australia	Asia|Asia-Australia|Australia|earth|globe|showing|world
🌐	globe with meridians	earth|globe|internet|meridians|web|world|worldwide
🌑	new moon	dark|moon|new|space
🌒	waxing crescent moon	crescent|dreams|moon|space|waxing
🌓	first quarter moon	first|moon|quarter|space
🌔	waxing gibbous moon	gibbous|moon|space|waxing
🌕	full moon	full|moon|space
🌖	waning gibbous moon	gibbous|moon|space|waning
🌗	last quarter moon	last|moon|quarter|space
🌘	waning crescent moon	crescent|moon|space|waning
🌙	crescent moon	crescent|moon|ramadan|space
🌚	new moon face	face|moon|new|space
🌛	first quarter moon face	face|first|moon|quarter|space
🌜	last quarter moon face	dreams|face|last|moon|quarter
🌝	full moon face	bright|face|full|moon
🌞	sun with face	beach|bright|day|face|heat|shine|sun|sunny|sunshine|weather
🌟	glowing star	glittery|glow|glowing|night|shining|sparkle|star|win
🌠	shooting star	falling|night|shooting|space|star
🌡️	thermometer	thermometer|weather
🌤️	sun behind small cloud	behind|cloud|sun|weather
🌥️	sun behind large cloud	behind|cloud|sun|weather
🌦️	sun behind rain cloud	behind|cloud|rain|sun|weather
🌧️	cloud with rain	cloud|rain|weather
🌨️	cloud with snow	cloud|cold|snow|weather
🌩️	cloud with lightning	cloud|lightning|weather
🌪️	tornado	cloud|tornado|weather|whirlwind
🌫️	fog	cloud|fog|weather
🌬️	wind face	blow|cloud|face|wind
🌭	hot dog	dog|frankfurter|hot|hotdog|sausage
🌮	taco	mexican|taco
🌯	burrito	burrito|mexican|wrap
🌰	chestnut	almond|chestnut|plant
🌱	seedling	plant|sapling|seedling|sprout|young
🌲	evergreen tree	christmas|evergreen|forest|pine|tree
🌳	deciduous tree	deciduous|forest|green|habitat|shedding|tree
🌴	palm tree	beach|palm|plant|tree|tropical
🌵	cactus	cactus|desert|drought|nature|plant
🌶️	hot pepper	hot|pepper
🌷	tulip	blossom|flower|growth|plant|tulip
🌸	cherry blossom	blossom|cherry|flower|plant|spring|springtime
🌹	rose	beauty|elegant|flower|love|plant|red|rose|valentine
🌺	hibiscus	flower|hibiscus|plant
🌻	sunflower	flower|outdoors|plant|sun|sunflower
🌼	blossom	blossom|buttercup|dandelion|flower|plant
🌽	ear of corn	corn|crops|ear|farm|maize|maze
🌾	sheaf of rice	ear|grain|grains|plant|rice|sheaf
🌿	herb	herb|leaf|plant
🍀	four leaf clover	4|clover|four|four-leaf|irish|leaf|lucky|plant
🍁	maple leaf	falling|leaf|maple
🍂	fallen leaf	autumn|fall|fallen|falling|leaf
🍃	leaf fluttering in wind	blow|flutter|fluttering|leaf|wind
🍄	mushroom	fungus|mushroom|toadstool
🍄‍🟫	brown mushroom	food|fungi|fungus|mushroom|nature|pizza|portobello|shiitake|shroom|spore|sprout|toppings|truffle|vegetable|vegetarian|veggie
🍅	tomato	food|fruit|tomato|vegetable
🍆	eggplant	aubergine|eggplant|vegetable
🍇	grapes	Dionysus|fruit|grape|grapes
🍈	melon	cantaloupe|fruit|melon
🍉	watermelon	fruit|watermelon
🍊	tangerine	c|citrus|fruit|nectarine|orange|tangerine|vitamin
🍋	lemon	citrus|fruit|lemon|sour
🍋‍🟩	lime	acidity|citrus|cocktail|fruit|garnish|key|lime|margarita|mojito|refreshing|salsa|sour|tangy|tequila|tropical|zest
🍌	banana	banana|fruit|potassium
🍍	pineapple	colada|fruit|pina|pineapple|tropical
🍎	red apple	apple|diet|food|fruit|health|red|ripe
🍏	green apple	apple|fruit|green
🍐	pear	fruit|pear
🍑	peach	fruit|peach
🍒	cherries	berries|cherries|cherry|fruit|red
🍓	strawberry	berry|fruit|strawberry
🍔	hamburger	burger|eat|fast|food|hamburger|hungry
🍕	pizza	cheese|food|hungry|pepperoni|pizza|slice
🍖	meat on bone	bone|meat
🍗	poultry leg	bone|chicken|drumstick|hungry|leg|poultry|turkey
🍘	rice cracker	cracker|food|rice
🍙	rice ball	ball|food|Japanese|rice
🍚	cooked rice	cooked|food|rice
🍛	curry rice	curry|food|rice
🍜	steaming bowl	bowl|chopsticks|food|noodle|pho|ramen|soup|steaming
🍝	spaghetti	food|meatballs|pasta|restaurant|spaghetti
🍞	bread	bread|carbs|food|grain|loaf|restaurant|toast|wheat
🍟	french fries	fast|food|french|fries
🍠	roasted sweet potato	food|potato|roasted|sweet
🍡	dango	dango|dessert|Japanese|skewer|stick|sweet
🍢	oden	food|kebab|oden|restaurant|seafood|skewer|stick
🍣	sushi	food|sushi
🍤	fried shrimp	fried|prawn|shrimp|tempura
🍥	fish cake with swirl	cake|fish|food|pastry|restaurant|swirl
🍦	soft ice cream	cream|dessert|food|ice|icecream|restaurant|serve|soft|sweet
🍧	shaved ice	dessert|ice|restaurant|shaved|sweet
🍨	ice cream	cream|dessert|food|ice|restaurant|sweet
🍩	doughnut	breakfast|dessert|donut|doughnut|food|sweet
🍪	cookie	chip|chocolate|cookie|dessert|sweet
🍫	chocolate bar	bar|candy|chocolate|dessert|halloween|sweet|tooth
🍬	candy	candy|cavities|dessert|halloween|restaurant|sweet|tooth|wrapper
🍭	lollipop	candy|dessert|food|lollipop|restaurant|sweet
🍮	custard	custard|dessert|pudding|sweet
🍯	honey pot	barrel|bear|food|honey|honeypot|jar|pot|sweet
🍰	shortcake	cake|dessert|pastry|shortcake|slice|sweet
🍱	bento box	bento|box|food
🍲	pot of food	food|pot|soup|stew
🍳	cooking	breakfast|cooking|easy|egg|fry|frying|over|pan|restaurant|side|sunny|up
🍴	fork and knife	breakfast|breaky|cooking|cutlery|delicious|dinner|eat|feed|food|fork|hungry|knife|lunch|restaurant|yum|yummy
🍵	teacup without handle	beverage|cup|drink|handle|oolong|tea|teacup
🍶	sake	bar|beverage|bottle|cup|drink|restaurant|sake
🍷	wine glass	alcohol|bar|beverage|booze|club|drink|drinking|drinks|glass|restaurant|wine
🍸	cocktail glass	alcohol|bar|booze|club|cocktail|drink|drinking|drinks|glass|mad|martini|men
🍹	tropical drink	alcohol|bar|booze|club|cocktail|drink|drinking|drinks|drunk|mai|party|tai|tropical|tropics
🍺	beer mug	alcohol|ale|bar|beer|booze|drink|drinking|drinks|mug|octoberfest|oktoberfest|pint|stein|summer
🍻	clinking beer mugs	alcohol|bar|beer|booze|bottoms|cheers|clink|clinking|drinking|drinks|mugs
🍼	baby bottle	babies|baby|birth|born|bottle|drink|infant|milk|newborn
🍽️	fork and knife with plate	cooking|dinner|eat|fork|knife|plate
🍾	bottle with popping cork	bar|bottle|cork|drink|popping
🍿	popcorn	corn|movie|pop|popcorn
🎀	ribbon	celebration|ribbon
🎁	wrapped gift	birthday|bow|box|celebration|christmas|gift|present|surprise|wrapped
🎂	birthday cake	bday|birthday|cake|celebration|dessert|happy|pastry|sweet
🎃	jack-o-lantern	celebration|halloween|jack|jack-o-lantern|lantern|pumpkin
🎄	Christmas tree	celebration|Christmas|tree
🎅	Santa Claus	celebration|Christmas|claus|fairy|fantasy|father|holiday|merry|santa|tale|xmas
🎆	fireworks	boom|celebration|entertainment|fireworks|yolo
🎇	sparkler	boom|celebration|fireworks|sparkle|sparkler
🎈	balloon	balloon|birthday|celebrate|celebration
🎉	party popper	awesome|birthday|celebrate|celebration|excited|hooray|party|popper|tada|woohoo
🎊	confetti ball	ball|celebrate|celebration|confetti|party|woohoo
🎋	tanabata tree	banner|celebration|Japanese|tanabata|tree
🎌	crossed flags	celebration|cross|crossed|flags|Japanese
🎍	pine decoration	bamboo|celebration|decoration|Japanese|pine|plant
🎎	Japanese dolls	celebration|doll|dolls|festival|Japanese
🎏	carp streamer	carp|celebration|streamer
🎐	wind chime	bell|celebration|chime|wind
🎑	moon viewing ceremony	celebration|ceremony|moon|viewing
🎒	backpack	backpack|backpacking|bag|bookbag|education|rucksack|satchel|school
🎓	graduation cap	cap|celebration|clothing|education|graduation|hat|scholar
🎖️	military medal	award|celebration|medal|military
🎗️	reminder ribbon	celebration|reminder|ribbon
🎙️	studio microphone	mic|microphone|music|studio
🎚️	level slider	level|music|slider
🎛️	control knobs	control|knobs|music
🎞️	film frames	cinema|film|frames|movie
🎟️	admission tickets	admission|ticket|tickets
🎠	carousel horse	carousel|entertainment|horse
🎡	ferris wheel	amusement|ferris|park|theme|wheel
🎢	roller coaster	amusement|coaster|park|roller|theme
🎣	fishing pole	entertainment|fish|fishing|pole|sport
🎤	microphone	karaoke|mic|microphone|music|sing|sound
🎥	movie camera	bollywood|camera|cinema|film|hollywood|movie|record
🎦	cinema	camera|cinema|film|movie
🎧	headphone	earbud|headphone|sound
🎨	artist palette	art|artist|artsy|arty|colorful|creative|entertainment|museum|painter|painting|palette
🎩	top hat	clothes|clothing|fancy|formal|hat|magic|top|tophat
🎪	circus tent	circus|tent
🎫	ticket	admission|stub|ticket
🎬	clapper board	action|board|clapper|movie
🎭	performing arts	actor|actress|art|arts|entertainment|mask|performing|theater|theatre|thespian
🎮	video game	controller|entertainment|game|video
🎯	bullseye	bull|bullseye|dart|direct|entertainment|game|hit|target
🎰	slot machine	casino|gamble|gambling|game|machine|slot|slots
🎱	pool 8 ball	8|8ball|ball|billiard|eight|game|pool
🎲	game die	dice|die|entertainment|game
🎳	bowling	ball|bowling|game|sport|strike
🎴	flower playing cards	card|cards|flower|game|Japanese|playing
🎵	musical note	music|musical|note|sound
🎶	musical notes	music|musical|note|notes|sound
🎷	saxophone	instrument|music|sax|saxophone
🎸	guitar	guitar|instrument|music|strat
🎹	musical keyboard	instrument|keyboard|music|musical|piano
🎺	trumpet	instrument|music|trumpet
🎻	violin	instrument|music|violin
🎼	musical score	music|musical|note|score
🎽	running shirt	athletics|running|sash|shirt
🎾	tennis	ball|racquet|sport|tennis
🎿	skis	ski|skis|snow|sport
🏀	basketball	ball|basketball|hoop|sport
🏁	chequered flag	checkered|chequered|finish|flag|flags|game|race|racing|sport|win
🏂	snowboarder	ski|snow|snowboard|snowboarder|sport
🏃	person running	fast|hurry|marathon|move|person|quick|race|racing|run|rush|speed
🏃‍♀️	woman running	fast|hurry|marathon|move|quick|race|racing|run|rush|speed|woman
🏃‍♀️‍➡️	woman running facing right	woman running facing right
🏃‍♂️	man running	fast|hurry|man|marathon|move|quick|race|racing|run|rush|speed
🏃‍♂️‍➡️	man running facing right	man running facing right
🏃‍➡️	person running facing right	person running facing right
🏄	person surfing	beach|ocean|person|sport|surf|surfer|surfing|swell|waves
🏄‍♀️	woman surfing	beach|ocean|person|sport|surf|surfer|surfing|swell|waves
🏄‍♂️	man surfing	beach|man|ocean|sport|surf|surfer|surfing|swell|waves
🏅	sports medal	award|gold|medal|sports|winner
🏆	trophy	champion|champs|prize|slay|sport|trophy|victory|win|winning
🏇	horse racing	horse|jockey|racehorse|racing|riding|sport
🏈	american football	american|ball|bowl|football|sport|super
🏉	rugby football	ball|football|rugby|sport
🏊	person swimming	freestyle|person|sport|swim|swimmer|swimming|triathlon
🏊‍♀️	woman swimming	freestyle|man|sport|swim|swimmer|swimming|triathlon
🏊‍♂️	man swimming	freestyle|man|sport|swim|swimmer|swimming|triathlon
🏋️	person lifting weights	barbell|bodybuilder|deadlift|lifter|lifting|person|powerlifting|weight|weightlifter|weights|workout
🏋️‍♀️	woman lifting weights	barbell|bodybuilder|deadlift|lifter|lifting|powerlifting|weight|weightlifter|weights|woman|workout
🏋️‍♂️	man lifting weights	barbell|bodybuilder|deadlift|lifter|lifting|man|powerlifting|weight|weightlifter|weights|workout
🏌️	person golfing	ball|birdie|caddy|driving|golf|golfing|green|person|pga|putt|range|tee
🏌️‍♀️	woman golfing	ball|birdie|caddy|driving|golf|golfing|green|pga|putt|range|tee|woman
🏌️‍♂️	man golfing	ball|birdie|caddy|driving|golf|golfing|green|man|pga|putt|range|tee
🏍️	motorcycle	motorcycle|racing
🏎️	racing car	car|racing|zoom
🏏	cricket game	ball|bat|cricket|game
🏐	volleyball	ball|game|volleyball
🏑	field hockey	ball|field|game|hockey|stick
🏒	ice hockey	game|hockey|ice|puck|stick
🏓	ping pong	ball|bat|game|paddle|ping|pingpong|pong|table|tennis
🏔️	snow-capped mountain	cold|mountain|snow|snow-capped
🏕️	camping	camping
🏖️	beach with umbrella	beach|umbrella
🏗️	building construction	building|construction|crane
🏘️	houses	house|houses
🏙️	cityscape	city|cityscape
🏚️	derelict house	derelict|home|house
🏛️	classical building	building|classical
🏜️	desert	desert
🏝️	desert island	desert|island
🏞️	national park	national|park
🏟️	stadium	stadium
🏠	house	building|country|heart|home|house|ranch|settle|simple|suburban|suburbia|where
🏡	house with garden	building|country|garden|heart|home|house|ranch|settle|simple|suburban|suburbia|where
🏢	office building	building|city|cubical|job|office
🏣	Japanese post office	building|Japanese|office|post
🏤	post office	building|European|office|post
🏥	hospital	building|doctor|hospital|medicine
🏦	bank	bank|building
🏧	ATM sign	ATM|automated|bank|cash|money|sign|teller
🏨	hotel	building|hotel
🏩	love hotel	building|hotel|love
🏪	convenience store	24|building|convenience|hours|store
🏫	school	building|school
🏬	department store	building|department|store
🏭	factory	building|factory
🏮	red paper lantern	bar|lantern|light|paper|red|restaurant
🏯	Japanese castle	building|castle|Japanese
🏰	castle	building|castle|European
🏳️	white flag	flag|waving|white
🏳️‍⚧️	transgender flag	blue|flag|light|pink|transgender|white
🏳️‍🌈	rainbow flag	bisexual|flag|gay|genderqueer|glbt|glbtq|lesbian|lgbt|lgbtq|lgbtqia|pride|queer|rainbow|trans|transgender
🏴	black flag	black|flag|waving
🏴‍☠️	pirate flag	flag|Jolly|pirate|plunder|Roger|treasure
🏴󠁧󠁢󠁥󠁮󠁧󠁿	england flag	england flag|flag-england
🏴󠁧󠁢󠁳󠁣󠁴󠁿	scotland flag	scotland flag|flag-scotland
🏴󠁧󠁢󠁷󠁬󠁳󠁿	wales flag	wales flag|flag-wales
🏵️	rosette	plant|rosette
🏷️	label	label|tag
🏸	badminton	badminton|birdie|game|racquet|shuttlecock
🏹	bow and arrow	archer|archery|arrow|bow|Sagittarius|tool|weapon|zodiac
🏺	amphora	amphora|Aquarius|cooking|drink|jug|tool|weapon|zodiac
🐀	rat	animal|rat
🐁	mouse	animal|animals|mouse
🐂	ox	animal|animals|bull|farm|ox|Taurus|zodiac
🐃	water buffalo	animal|buffalo|water|zoo
🐄	cow	animal|animals|cow|farm|milk|moo
🐅	tiger	animal|big|cat|predator|tiger|zoo
🐆	leopard	animal|big|cat|leopard|predator|zoo
🐇	rabbit	animal|bunny|pet|rabbit
🐈	cat	animal|animals|cat|cats|kitten|pet
🐈‍⬛	black cat	animal|black|cat|feline|halloween|meow|unlucky
🐉	dragon	animal|dragon|fairy|fairytale|knights|tale
🐊	crocodile	animal|crocodile|zoo
🐋	whale	animal|beach|ocean|whale
🐌	snail	animal|escargot|garden|nature|slug|snail
🐍	snake	animal|bearer|Ophiuchus|serpent|snake|zodiac
🐎	horse	animal|equestrian|farm|horse|racehorse|racing
🐏	ram	animal|Aries|horns|male|ram|sheep|zodiac|zoo
🐐	goat	animal|Capricorn|farm|goat|milk|zodiac
🐑	ewe	animal|baa|ewe|farm|female|fluffy|lamb|sheep|wool
🐒	monkey	animal|banana|monkey
🐓	rooster	animal|bird|ornithology|rooster
🐔	chicken	animal|bird|chicken|ornithology
🐕	dog	animal|animals|dog|dogs|pet
🐕‍🦺	service dog	accessibility|animal|assistance|dog|service
🐖	pig	animal|bacon|farm|pig|pork|sow
🐗	boar	animal|boar|pig
🐘	elephant	animal|elephant
🐙	octopus	animal|creature|ocean|octopus
🐚	spiral shell	animal|beach|conch|sea|shell|spiral
🐛	bug	animal|bug|garden|insect
🐜	ant	animal|ant|garden|insect
🐝	honeybee	animal|bee|bumblebee|honey|honeybee|insect|nature|spring
🐞	lady beetle	animal|beetle|garden|insect|lady|ladybird|ladybug|nature
🐟	fish	animal|dinner|fish|fishes|fishing|Pisces|zodiac
🐠	tropical fish	animal|fish|fishes|tropical
🐡	blowfish	animal|blowfish|fish
🐢	turtle	animal|terrapin|tortoise|turtle
🐣	hatching chick	animal|baby|bird|chick|egg|hatching
🐤	baby chick	animal|baby|bird|chick|ornithology
🐥	front-facing baby chick	animal|baby|bird|chick|front-facing|newborn|ornithology
🐦	bird	animal|bird|ornithology
🐦‍⬛	black bird	animal|beak|bird|black|caw|corvid|crow|ornithology|raven|rook
🐦‍🔥	phoenix	ascend|ascension|emerge|fantasy|firebird|glory|immortal|phoenix|rebirth|reincarnation|reinvent|renewal|revival|revive|rise|transform
🐧	penguin	animal|antarctica|bird|ornithology|penguin
🐨	koala	animal|australia|bear|down|face|koala|marsupial|under
🐩	poodle	animal|dog|fluffy|poodle
🐪	camel	animal|camel|desert|dromedary|hump|one
🐫	two-hump camel	animal|bactrian|camel|desert|hump|two|two-hump
🐬	dolphin	animal|beach|dolphin|flipper|ocean
🐭	mouse face	animal|face|mouse
🐮	cow face	animal|cow|face|farm|milk|moo
🐯	tiger face	animal|big|cat|face|predator|tiger
🐰	rabbit face	animal|bunny|face|pet|rabbit
🐱	cat face	animal|cat|face|kitten|kitty|pet
🐲	dragon face	animal|dragon|face|fairy|fairytale|tale
🐳	spouting whale	animal|beach|face|ocean|spouting|whale
🐴	horse face	animal|dressage|equine|face|farm|horse|horses
🐵	monkey face	animal|banana|face|monkey
🐶	dog face	adorbs|animal|dog|face|pet|puppies|puppy
🐷	pig face	animal|bacon|face|farm|pig|pork
🐸	frog	animal|face|frog
🐹	hamster	animal|face|hamster|pet
🐺	wolf	animal|face|wolf
🐻	bear	animal|bear|face|grizzly|growl|honey
🐻‍❄️	polar bear	animal|arctic|bear|polar|white
🐼	panda	animal|bamboo|face|panda
🐽	pig nose	animal|face|farm|nose|pig|smell|snout
🐾	paw prints	feet|paw|paws|print|prints
🐿️	chipmunk	animal|chipmunk|squirrel
👀	eyes	body|eye|eyes|face|googly|look|looking|omg|peep|see|seeing
👁️	eye	1|body|eye|one
👁️‍🗨️	eye in speech bubble	balloon|bubble|eye|speech|witness
👂	ear	body|ear|ears|hear|hearing|listen|listening|sound
👃	nose	body|nose|noses|nosey|odor|smell|smells
👄	mouth	beauty|body|kiss|kissing|lips|lipstick|mouth
👅	tongue	body|lick|slurp|tongue
👆	backhand index pointing up	backhand|finger|hand|index|point|pointing|up
👇	backhand index pointing down	backhand|down|finger|hand|index|point|pointing
👈	backhand index pointing left	backhand|finger|hand|index|left|point|pointing
👉	backhand index pointing right	backhand|finger|hand|index|point|pointing|right
👊	oncoming fist	absolutely|agree|boom|bro|bruh|bump|clenched|correct|fist|hand|knuckle|oncoming|pound|punch|rock|ttyl
👋	waving hand	bye|cya|g2g|greetings|gtg|hand|hello|hey|hi|later|outtie|ttfn|ttyl|wave|yo|you
👌	OK hand	awesome|bet|dope|fleek|fosho|got|gotcha|hand|legit|OK|okay|pinch|rad|sure|sweet|three
👍	thumbs up	+1|good|hand|like|thumb|up|yes
👎	thumbs down	-1|bad|dislike|down|good|hand|no|nope|thumb|thumbs
👏	clapping hands	applause|approval|awesome|clap|congrats|congratulations|excited|good|great|hand|homie|job|nice|prayed|well|yay
👐	open hands	hand|hands|hug|jazz|open|swerve
👑	crown	clothing|crown|family|king|medieval|queen|royal|royalty|win
👒	woman’s hat	clothes|clothing|garden|hat|hats|party|woman|woman’s
👓	glasses	clothing|eye|eyeglasses|eyewear|glasses
👔	necktie	clothing|employed|necktie|serious|shirt|tie
👕	t-shirt	blue|casual|clothes|clothing|collar|dressed|shirt|shopping|t-shirt|tshirt|weekend
👖	jeans	blue|casual|clothes|clothing|denim|dressed|jeans|pants|shopping|trousers|weekend
👗	dress	clothes|clothing|dress|dressed|fancy|shopping
👘	kimono	clothing|comfortable|kimono
👙	bikini	bathing|beach|bikini|clothing|pool|suit|swim
👚	woman’s clothes	blouse|clothes|clothing|collar|dress|dressed|lady|shirt|shopping|woman|woman’s
👛	purse	clothes|clothing|coin|dress|fancy|handbag|purse|shopping
👜	handbag	bag|clothes|clothing|dress|handbag|lady|purse|shopping
👝	clutch bag	bag|clothes|clothing|clutch|dress|handbag|pouch|purse
👞	man’s shoe	brown|clothes|clothing|feet|foot|kick|man|man’s|shoe|shoes|shopping
👟	running shoe	athletic|clothes|clothing|fast|kick|running|shoe|shoes|shopping|sneaker|tennis
👠	high-heeled shoe	clothes|clothing|dress|fashion|heel|heels|high-heeled|shoe|shoes|shopping|stiletto|woman
👡	woman’s sandal	clothing|sandal|shoe|woman|woman’s
👢	woman’s boot	boot|clothes|clothing|dress|shoe|shoes|shopping|woman|woman’s
👣	footprints	barefoot|clothing|footprint|footprints|omw|print|walk
👤	bust in silhouette	bust|mysterious|shadow|silhouette
👥	busts in silhouette	bff|bust|busts|everyone|friend|friends|people|silhouette
👦	boy	boy|bright-eyed|child|grandson|kid|son|young|younger
👧	girl	bright-eyed|child|daughter|girl|granddaughter|kid|Virgo|young|younger|zodiac
👨	man	adult|bro|man
👨‍⚕️	man health worker	doctor|health|healthcare|man|nurse|therapist|worker
👨‍⚖️	man judge	judge|justice|law|man|scales
👨‍✈️	man pilot	man|pilot|plane
👨‍❤️‍👨	couple with heart: man, man	couple with heart: man, man|man-heart-man
👨‍❤️‍💋‍👨	kiss: man, man	kiss: man, man|man-kiss-man
👨‍🌾	man farmer	farmer|gardener|man|rancher
👨‍🍳	man cook	chef|cook|man
👨‍🍼	man feeding baby	baby|dad|father|feed|feeding|man|nanny|newborn|nursing
👨‍🎓	man student	graduate|man|student
👨‍🎤	man singer	actor|entertainer|man|rock|rockstar|singer|star
👨‍🎨	man artist	artist|man|palette
👨‍🏫	man teacher	instructor|lecturer|man|professor|teacher
👨‍🏭	man factory worker	assembly|factory|industrial|man|worker
👨‍🐰‍👨	men with bunny ears	bunny|ears|men
👨‍👦	family: man, boy	family: man, boy|man-boy
👨‍👦‍👦	family: man, boy, boy	family: man, boy, boy|man-boy-boy
👨‍👧	family: man, girl	family: man, girl|man-girl
👨‍👧‍👦	family: man, girl, boy	family: man, girl, boy|man-girl-boy
👨‍👧‍👧	family: man, girl, girl	family: man, girl, girl|man-girl-girl
👨‍👨‍👦	family: man, man, boy	family: man, man, boy|man-man-boy
👨‍👨‍👦‍👦	family: man, man, boy, boy	family: man, man, boy, boy|man-man-boy-boy
👨‍👨‍👧	family: man, man, girl	family: man, man, girl|man-man-girl
👨‍👨‍👧‍👦	family: man, man, girl, boy	family: man, man, girl, boy|man-man-girl-boy
👨‍👨‍👧‍👧	family: man, man, girl, girl	family: man, man, girl, girl|man-man-girl-girl
👨‍👩‍👦	family: man, woman, boy	family: man, woman, boy|man-woman-boy
👨‍👩‍👦‍👦	family: man, woman, boy, boy	family: man, woman, boy, boy|man-woman-boy-boy
👨‍👩‍👧	family: man, woman, girl	family: man, woman, girl|man-woman-girl
👨‍👩‍👧‍👦	family: man, woman, girl, boy	family: man, woman, girl, boy|man-woman-girl-boy
👨‍👩‍👧‍👧	family: man, woman, girl, girl	family: man, woman, girl, girl|man-woman-girl-girl
👨‍💻	man technologist	coder|computer|developer|inventor|man|software|technologist
👨‍💼	man office worker	architect|business|man|manager|office|white-collar|worker
👨‍🔧	man mechanic	electrician|man|mechanic|plumber|tradesperson
👨‍🔬	man scientist	biologist|chemist|engineer|man|mathematician|physicist|scientist
👨‍🚀	man astronaut	astronaut|man|rocket|space
👨‍🚒	man firefighter	fire|firefighter|firetruck|man
👨‍🤝‍👨	men holding hands	hands|holding|men
👨‍🦯	man with white cane	accessibility|blind|cane|man|probing|white
👨‍🦯‍➡️	man with white cane facing right	man with white cane facing right
👨‍🦰	man: red hair	man: red hair|red haired man
👨‍🦱	man: curly hair	man: curly hair|curly haired man
👨‍🦲	man: bald	man: bald|bald man
👨‍🦳	man: white hair	man: white hair|white haired man
👨‍🦼	man in motorized wheelchair	accessibility|man|motorized|wheelchair
👨‍🦼‍➡️	man in motorized wheelchair facing right	man in motorized wheelchair facing right
👨‍🦽	man in manual wheelchair	accessibility|man|manual|wheelchair
👨‍🦽‍➡️	man in manual wheelchair facing right	man in manual wheelchair facing right
👨‍🫯‍👨	men with fight cloud	fight|cloud|men
👩	woman	adult|lady|woman
👩‍⚕️	woman health worker	doctor|health|healthcare|nurse|therapist|woman|worker
👩‍⚖️	woman judge	judge|justice|law|scales|woman
👩‍✈️	woman pilot	pilot|plane|woman
👩‍❤️‍👨	couple with heart: woman, man	couple with heart: woman, man|woman-heart-man
👩‍❤️‍👩	couple with heart: woman, woman	couple with heart: woman, woman|woman-heart-woman
👩‍❤️‍💋‍👨	kiss: woman, man	kiss: woman, man|woman-kiss-man
👩‍❤️‍💋‍👩	kiss: woman, woman	kiss: woman, woman|woman-kiss-woman
👩‍🌾	woman farmer	farmer|gardener|rancher|woman
👩‍🍳	woman cook	chef|cook|woman
👩‍🍼	woman feeding baby	baby|feed|feeding|mom|mother|nanny|newborn|nursing|woman
👩‍🎓	woman student	graduate|student|woman
👩‍🎤	woman singer	actor|entertainer|rock|rockstar|singer|star|woman
👩‍🎨	woman artist	artist|palette|woman
👩‍🏫	woman teacher	instructor|lecturer|professor|teacher|woman
👩‍🏭	woman factory worker	assembly|factory|industrial|woman|worker
👩‍🐰‍👩	women with bunny ears	bunny|ears|women
👩‍👦	family: woman, boy	family: woman, boy|woman-boy
👩‍👦‍👦	family: woman, boy, boy	family: woman, boy, boy|woman-boy-boy
👩‍👧	family: woman, girl	family: woman, girl|woman-girl
👩‍👧‍👦	family: woman, girl, boy	family: woman, girl, boy|woman-girl-boy
👩‍👧‍👧	family: woman, girl, girl	family: woman, girl, girl|woman-girl-girl
👩‍👩‍👦	family: woman, woman, boy	family: woman, woman, boy|woman-woman-boy
👩‍👩‍👦‍👦	family: woman, woman, boy, boy	family: woman, woman, boy, boy|woman-woman-boy-boy
👩‍👩‍👧	family: woman, woman, girl	family: woman, woman, girl|woman-woman-girl
👩‍👩‍👧‍👦	family: woman, woman, girl, boy	family: woman, woman, girl, boy|woman-woman-girl-boy
👩‍👩‍👧‍👧	family: woman, woman, girl, girl	family: woman, woman, girl, girl|woman-woman-girl-girl
👩‍💻	woman technologist	coder|computer|developer|inventor|software|technologist|woman
👩‍💼	woman office worker	architect|business|manager|office|white-collar|woman|worker
👩‍🔧	woman mechanic	electrician|mechanic|plumber|tradesperson|woman
👩‍🔬	woman scientist	biologist|chemist|engineer|mathematician|physicist|scientist|woman
👩‍🚀	woman astronaut	astronaut|rocket|space|woman
👩‍🚒	woman firefighter	fire|firefighter|firetruck|woman
👩‍🤝‍👨	woman and man holding hands	hands|holding|woman|man
👩‍🤝‍👩	women holding hands	hands|holding|women
👩‍🦯	woman with white cane	accessibility|blind|cane|probing|white|woman
👩‍🦯‍➡️	woman with white cane facing right	woman with white cane facing right
👩‍🦰	woman: red hair	woman: red hair|red haired woman
👩‍🦱	woman: curly hair	woman: curly hair|curly haired woman
👩‍🦲	woman: bald	woman: bald|bald woman
👩‍🦳	woman: white hair	woman: white hair|white haired woman
👩‍🦼	woman in motorized wheelchair	accessibility|motorized|wheelchair|woman
👩‍🦼‍➡️	woman in motorized wheelchair facing right	woman in motorized wheelchair facing right
👩‍🦽	woman in manual wheelchair	accessibility|manual|wheelchair|woman
👩‍🦽‍➡️	woman in manual wheelchair facing right	woman in manual wheelchair facing right
👩‍🫯‍👩	women with fight cloud	fight|cloud|women
👪	family	child|family
👫	woman and man holding hands	bae|bestie|bff|couple|dating|flirt|friends|hand|hold|man|twins|woman
👬	men holding hands	bae|bestie|bff|boys|brothers|couple|dating|flirt|friends|hand|hold|men|twins
👭	women holding hands	bae|bestie|bff|couple|dating|flirt|friends|girls|hand|hold|sisters|twins|women
👮	police officer	apprehend|arrest|citation|cop|law|officer|over|police|pulled|undercover
👮‍♀️	woman police officer	apprehend|arrest|citation|cop|law|officer|over|police|pulled|undercover|woman
👮‍♂️	man police officer	apprehend|arrest|citation|cop|law|man|officer|over|police|pulled|undercover
👯	people with bunny ears	bestie|bff|bunny|counterpart|dancer|double|ear|identical|pair|party|partying|people|soulmate|twin|twinsies
👯‍♀️	women with bunny ears	bestie|bff|bunny|counterpart|dancer|double|ear|identical|pair|party|partying|people|soulmate|twin|twinsies|women
👯‍♂️	men with bunny ears	bestie|bff|bunny|counterpart|dancer|double|ear|identical|men|pair|party|partying|people|soulmate|twin|twinsies
👰	person with veil	person|veil|wedding
👰‍♀️	woman with veil	bride|veil|wedding|woman
👰‍♂️	man with veil	man|veil|wedding
👱	person: blond hair	blond|blond-haired|human|person
👱‍♀️	woman: blond hair	blond|blond-haired|blonde|hair|woman
👱‍♂️	man: blond hair	blond|blond-haired|hair|man
👲	person with skullcap	cap|Chinese|gua|guapi|hat|mao|person|pi|skullcap
👳	person wearing turban	person|turban|wearing
👳‍♀️	woman wearing turban	turban|wearing|woman
👳‍♂️	man wearing turban	man|turban|wearing
👴	old man	adult|bald|elderly|gramps|grandfather|grandpa|man|old|wise
👵	old woman	adult|elderly|grandma|grandmother|granny|lady|old|wise|woman
👶	baby	babies|baby|children|goo|infant|newborn|pregnant|young
👷	construction worker	build|construction|fix|hardhat|hat|man|person|rebuild|remodel|repair|work|worker
👷‍♀️	woman construction worker	build|construction|fix|hardhat|hat|man|rebuild|remodel|repair|woman|work|worker
👷‍♂️	man construction worker	build|construction|fix|hardhat|hat|man|rebuild|remodel|repair|work|worker
👸	princess	crown|fairy|fairytale|fantasy|princess|queen|royal|royalty|tale
👹	ogre	creature|devil|face|fairy|fairytale|fantasy|mask|monster|ogre|scary|tale
👺	goblin	angry|creature|face|fairy|fairytale|fantasy|goblin|mask|mean|monster|tale
👻	ghost	boo|creature|excited|face|fairy|fairytale|fantasy|ghost|halloween|haunting|monster|scary|silly|tale
👼	baby angel	angel|baby|church|face|fairy|fairytale|fantasy|tale
👽	alien	alien|creature|extraterrestrial|face|fairy|fairytale|fantasy|monster|space|tale|ufo
👾	alien monster	alien|creature|extraterrestrial|face|fairy|fairytale|fantasy|game|gamer|games|monster|pixelated|space|tale|ufo
👿	angry face with horns	angry|demon|devil|evil|face|fairy|fairytale|fantasy|horns|imp|mischievous|purple|shade|tale
💀	skull	body|dead|death|face|fairy|fairytale|i’m|lmao|monster|skull|tale|yolo
💁	person tipping hand	fetch|flick|flip|gossip|hand|person|sarcasm|sarcastic|sassy|seriously|tipping|whatever
💁‍♀️	woman tipping hand	fetch|flick|flip|gossip|hand|sarcasm|sarcastic|sassy|seriously|tipping|whatever|woman
💁‍♂️	man tipping hand	fetch|flick|flip|gossip|hand|man|sarcasm|sarcastic|sassy|seriously|tipping|whatever
💂	guard	buckingham|guard|helmet|london|palace
💂‍♀️	woman guard	buckingham|guard|helmet|london|palace|woman
💂‍♂️	man guard	buckingham|guard|helmet|london|man|palace
💃	woman dancing	dance|dancer|dancing|elegant|festive|flair|flamenco|groove|let’s|salsa|tango|woman
💄	lipstick	cosmetics|date|lipstick|makeup
💅	nail polish	bored|care|cosmetics|done|makeup|manicure|nail|polish|whatever
💆	person getting massage	face|getting|headache|massage|person|relax|relaxing|salon|soothe|spa|tension|therapy|treatment
💆‍♀️	woman getting massage	face|getting|headache|massage|relax|relaxing|salon|soothe|spa|tension|therapy|treatment|woman
💆‍♂️	man getting massage	face|getting|headache|man|massage|relax|relaxing|salon|soothe|spa|tension|therapy|treatment
💇	person getting haircut	barber|beauty|chop|cosmetology|cut|groom|hair|haircut|parlor|person|shears|style
💇‍♀️	woman getting haircut	barber|beauty|chop|cosmetology|cut|groom|hair|haircut|parlor|person|shears|style|woman
💇‍♂️	man getting haircut	barber|beauty|chop|cosmetology|cut|groom|hair|haircut|man|parlor|person|shears|style
💈	barber pole	barber|cut|fresh|haircut|pole|shave
💉	syringe	doctor|flu|medicine|needle|shot|sick|syringe|tool|vaccination
💊	pill	doctor|drugs|medicated|medicine|pill|pills|sick|vitamin
💋	kiss mark	dating|emotion|heart|kiss|kissing|lips|mark|romance|sexy
💌	love letter	heart|letter|love|mail|romance|valentine
💍	ring	diamond|engaged|engagement|married|ring|romance|shiny|sparkling|wedding
💎	gem stone	diamond|engagement|gem|jewel|money|romance|stone|wedding
💏	kiss	anniversary|babe|bae|couple|date|dating|heart|kiss|love|mwah|person|romance|together|xoxo
💐	bouquet	anniversary|birthday|bouquet|date|flower|love|plant|romance
💑	couple with heart	anniversary|babe|bae|couple|dating|heart|kiss|love|person|relationship|romance|together|you
💒	wedding	chapel|hitched|nuptials|romance|wedding
💓	beating heart	143|beating|cardio|emotion|heart|heartbeat|ily|love|pulsating|pulse
💔	broken heart	break|broken|crushed|emotion|heart|heartbroken|lonely|sad
💕	two hearts	143|anniversary|date|dating|emotion|heart|hearts|ily|kisses|love|loving|two|xoxo
💖	sparkling heart	143|emotion|excited|good|heart|ily|kisses|morning|night|sparkle|sparkling|xoxo
💗	growing heart	143|emotion|excited|growing|heart|heartpulse|ily|kisses|muah|nervous|pulse|xoxo
💘	heart with arrow	143|adorbs|arrow|cupid|date|emotion|heart|ily|love|romance|valentine
💙	blue heart	143|blue|emotion|heart|ily|love|romance
💚	green heart	143|emotion|green|heart|ily|love|romantic
💛	yellow heart	143|cardiac|emotion|heart|ily|love|yellow
💜	purple heart	143|bestest|emotion|heart|ily|love|purple
💝	heart with ribbon	143|anniversary|emotion|heart|ily|kisses|ribbon|valentine|xoxo
💞	revolving hearts	143|adorbs|anniversary|emotion|heart|hearts|revolving
💟	heart decoration	143|decoration|emotion|heart|hearth|purple|white
💠	diamond with a dot	comic|diamond|dot|geometric
💡	light bulb	bulb|comic|electric|idea|light
💢	anger symbol	anger|angry|comic|mad|symbol|upset
💣	bomb	bomb|boom|comic|dangerous|explosion|hot
💤	ZZZ	comic|good|goodnight|night|sleep|sleeping|sleepy|tired|zzz
💥	collision	bomb|boom|collide|collision|comic|explode
💦	sweat droplets	comic|drip|droplet|droplets|drops|splashing|squirt|sweat|water|wet|work|workout
💧	droplet	cold|comic|drop|droplet|nature|sad|sweat|tear|water|weather
💨	dashing away	away|cloud|comic|dash|dashing|fart|fast|go|gone|gotta|running|smoke
💩	pile of poo	bs|comic|doo|dung|face|fml|monster|pile|poo|poop|smelly|smh|stink|stinks|stinky|turd
💪	flexed biceps	arm|beast|bench|biceps|bodybuilder|bro|curls|flex|gains|gym|jacked|muscle|press|ripped|strong|weightlift
💫	dizzy	comic|dizzy|shining|shooting|star|stars
💬	speech balloon	balloon|bubble|comic|dialog|message|sms|speech|talk|text|typing
💭	thought balloon	balloon|bubble|cartoon|cloud|comic|daydream|decisions|dream|idea|invent|invention|realize|think|thoughts|wonder
💮	white flower	flower|white
💯	hundred points	100|a+|agree|clearly|definitely|faithful|fleek|full|hundred|keep|perfect|point|score|TRUE|truth|yup
💰	money bag	bag|bank|bet|billion|cash|cost|dollar|gold|million|money|moneybag|paid|paying|pot|rich|win
💱	currency exchange	bank|currency|exchange|money
💲	heavy dollar sign	billion|cash|charge|currency|dollar|heavy|million|money|pay|sign
💳	credit card	bank|card|cash|charge|credit|money|pay
💴	yen banknote	bank|banknote|bill|currency|money|note|yen
💵	dollar banknote	bank|banknote|bill|currency|dollar|money|note
💶	euro banknote	100|bank|banknote|bill|currency|euro|money|note|rich
💷	pound banknote	bank|banknote|bill|billion|cash|currency|money|note|pound|pounds
💸	money with wings	bank|banknote|bill|billion|cash|dollar|fly|million|money|note|pay|wings
💹	chart increasing with yen	bank|chart|currency|graph|growth|increasing|market|money|rise|trend|upward|yen
💺	seat	chair|seat
💻	laptop	computer|laptop|office|pc|personal
💼	briefcase	briefcase|office
💽	computer disk	computer|disk|minidisk|optical
💾	floppy disk	computer|disk|floppy
💿	optical disk	blu-ray|CD|computer|disk|dvd|optical
📀	dvd	Blu-ray|cd|computer|disk|DVD|optical
📁	file folder	file|folder
📂	open file folder	file|folder|open
📃	page with curl	curl|document|page|paper
📄	page facing up	document|facing|page|paper|up
📅	calendar	calendar|date
📆	tear-off calendar	calendar|tear-off
📇	card index	card|index|old|rolodex|school
📈	chart increasing	chart|data|graph|growth|increasing|right|trend|up|upward
📉	chart decreasing	chart|data|decreasing|down|downward|graph|negative|trend
📊	bar chart	bar|chart|data|graph
📋	clipboard	clipboard|do|list|notes
📌	pushpin	collage|pin|pushpin
📍	round pushpin	location|map|pin|pushpin|round
📎	paperclip	paperclip
📏	straight ruler	angle|edge|math|ruler|straight|straightedge
📐	triangular ruler	angle|math|rule|ruler|set|slide|triangle|triangular
📑	bookmark tabs	bookmark|mark|marker|tabs
📒	ledger	ledger|notebook
📓	notebook	notebook
📔	notebook with decorative cover	book|cover|decorated|decorative|education|notebook|school|writing
📕	closed book	book|closed|education
📖	open book	book|education|fantasy|knowledge|library|novels|open|reading
📗	green book	book|education|fantasy|green|library|reading
📘	blue book	blue|book|education|fantasy|library|reading
📙	orange book	book|education|fantasy|library|orange|reading
📚	books	book|books|education|fantasy|knowledge|library|novels|reading|school|study
📛	name badge	badge|name
📜	scroll	paper|scroll
📝	memo	communication|media|memo|notes|pencil
📞	telephone receiver	communication|phone|receiver|telephone|voip
📟	pager	communication|pager
📠	fax machine	communication|fax|machine
📡	satellite antenna	aliens|antenna|contact|dish|satellite|science
📢	loudspeaker	address|communication|loud|loudspeaker|public|sound
📣	megaphone	cheering|megaphone|sound
📤	outbox tray	box|email|letter|mail|outbox|sent|tray
📥	inbox tray	box|email|inbox|letter|mail|receive|tray|zero
📦	package	box|communication|delivery|package|parcel|shipping
📧	e-mail	e-mail|email|letter|mail
📨	incoming envelope	delivering|e-mail|email|envelope|incoming|letter|mail|receive|sent
📩	envelope with arrow	arrow|communication|down|e-mail|email|envelope|letter|mail|outgoing|send|sent
📪	closed mailbox with lowered flag	closed|flag|lowered|mail|mailbox|postbox
📫	closed mailbox with raised flag	closed|communication|flag|mail|mailbox|postbox|raised
📬	open mailbox with raised flag	flag|mail|mailbox|open|postbox|raised
📭	open mailbox with lowered flag	flag|lowered|mail|mailbox|open|postbox
📮	postbox	mail|mailbox|postbox
📯	postal horn	horn|post|postal
📰	newspaper	communication|news|newspaper|paper
📱	mobile phone	cell|communication|mobile|phone|telephone
📲	mobile phone with arrow	arrow|build|call|cell|communication|mobile|phone|receive|telephone
📳	vibration mode	cell|communication|mobile|mode|phone|telephone|vibration
📴	mobile phone off	cell|mobile|off|phone|telephone
📵	no mobile phones	cell|forbidden|mobile|no|not|phone|phones|prohibited|telephone
📶	antenna bars	antenna|bar|bars|cell|communication|mobile|phone|signal|telephone
📷	camera	camera|photo|selfie|snap|tbt|trip|video
📸	camera with flash	camera|flash|video
📹	video camera	camcorder|camera|tbt|video
📺	television	television|tv|video
📻	radio	entertainment|radio|tbt|video
📼	videocassette	old|school|tape|vcr|vhs|video|videocassette
📽️	film projector	cinema|film|movie|projector|video
📿	prayer beads	beads|clothing|necklace|prayer|religion
🔀	shuffle tracks button	arrow|button|crossed|shuffle|tracks
🔁	repeat button	arrow|button|clockwise|repeat
🔂	repeat single button	arrow|button|clockwise|once|repeat|single
🔃	clockwise vertical arrows	arrow|arrows|clockwise|refresh|reload|vertical
🔄	counterclockwise arrows button	again|anticlockwise|arrow|arrows|button|counterclockwise|deja|refresh|rewindershins|vu
🔅	dim button	brightness|button|dim|low
🔆	bright button	bright|brightness|button|light
🔇	muted speaker	mute|muted|quiet|silent|sound|speaker
🔈	speaker low volume	low|soft|sound|speaker|volume
🔉	speaker medium volume	medium|sound|speaker|volume
🔊	speaker high volume	high|loud|music|sound|speaker|volume
🔋	battery	battery
🔌	electric plug	electric|electricity|plug
🔍	magnifying glass tilted left	glass|lab|left|left-pointing|magnifying|science|search|tilted|tool
🔎	magnifying glass tilted right	contact|glass|lab|magnifying|right|right-pointing|science|search|tilted|tool
🔏	locked with pen	ink|lock|locked|nib|pen|privacy
🔐	locked with key	bike|closed|key|lock|locked|secure
🔑	key	key|keys|lock|major|password|unlock
🔒	locked	closed|lock|locked|private
🔓	unlocked	cracked|lock|open|unlock|unlocked
🔔	bell	bell|break|church|sound
🔕	bell with slash	bell|forbidden|mute|no|not|prohibited|quiet|silent|slash|sound
🔖	bookmark	bookmark|mark
🔗	link	link|links
🔘	radio button	button|geometric|radio
🔙	BACK arrow	arrow|BACK
🔚	END arrow	arrow|END
🔛	ON! arrow	arrow|mark|ON!
🔜	SOON arrow	arrow|brb|omw|SOON
🔝	TOP arrow	arrow|homie|TOP|up
🔞	no one under eighteen	18|age|eighteen|forbidden|no|not|one|prohibited|restriction|underage
🔟	keycap ten	keycap ten
🔠	input latin uppercase	ABCD|input|latin|letters|uppercase
🔡	input latin lowercase	abcd|input|latin|letters|lowercase
🔢	input numbers	1234|input|numbers
🔣	input symbols	&|%|♪|〒|input|symbols
🔤	input latin letters	abc|alphabet|input|latin|letters
🔥	fire	af|burn|fire|flame|hot|lit|litaf|tool
🔦	flashlight	electric|flashlight|light|tool|torch
🔧	wrench	home|improvement|spanner|tool|wrench
🔨	hammer	hammer|home|improvement|repairs|tool
🔩	nut and bolt	bolt|home|improvement|nut|tool
🔪	kitchen knife	chef|cooking|hocho|kitchen|knife|tool|weapon
🔫	water pistol	gun|handgun|pistol|revolver|tool|water|weapon
🔬	microscope	experiment|lab|microscope|science|tool
🔭	telescope	contact|extraterrestrial|science|telescope|tool
🔮	crystal ball	ball|crystal|fairy|fairytale|fantasy|fortune|future|magic|tale|tool
🔯	dotted six-pointed star	dotted|fortune|jewish|judaism|six-pointed|star
🔰	Japanese symbol for beginner	beginner|chevron|green|Japanese|leaf|symbol|tool|yellow
🔱	trident emblem	anchor|emblem|poseidon|ship|tool|trident
🔲	black square button	black|button|geometric|square
🔳	white square button	button|geometric|outlined|square|white
🔴	red circle	circle|geometric|red
🔵	blue circle	blue|circle|geometric
🔶	large orange diamond	diamond|geometric|large|orange
🔷	large blue diamond	blue|diamond|geometric|large
🔸	small orange diamond	diamond|geometric|orange|small
🔹	small blue diamond	blue|diamond|geometric|small
🔺	red triangle pointed up	geometric|pointed|red|triangle|up
🔻	red triangle pointed down	down|geometric|pointed|red|triangle
🔼	upwards button	arrow|button|red|up|upwards
🔽	downwards button	arrow|button|down|downwards|red
🕉️	om	Hindu|om|religion
🕊️	dove	bird|dove|fly|ornithology|peace
🕋	kaaba	hajj|islam|kaaba|Muslim|religion|umrah
🕌	mosque	islam|masjid|mosque|Muslim|religion
🕍	synagogue	Jew|Jewish|judaism|religion|synagogue|temple
🕎	menorah	candelabrum|candlestick|hanukkah|jewish|judaism|menorah|religion
🕐	one o’clock	1|1:00|clock|o’clock|one|time
🕑	two o’clock	2|2:00|clock|o’clock|time|two
🕒	three o’clock	3|3:00|clock|o’clock|three|time
🕓	four o’clock	4|4:00|clock|four|o’clock|time
🕔	five o’clock	5|5:00|clock|five|o’clock|time
🕕	six o’clock	6|6:00|clock|o’clock|six|time
🕖	seven o’clock	0|7|7:00|clock|o’clock|seven
🕗	eight o’clock	8|8:00|clock|eight|o’clock|time
🕘	nine o’clock	9|9:00|clock|nine|o’clock|time
🕙	ten o’clock	0|10|10:00|clock|o’clock|ten
🕚	eleven o’clock	11|11:00|clock|eleven|o’clock|time
🕛	twelve o’clock	12|12:00|clock|o’clock|time|twelve
🕜	one-thirty	1|1:30|30|clock|one|one-thirty|thirty|time
🕝	two-thirty	2|2:30|30|clock|thirty|time|two|two-thirty
🕞	three-thirty	3|3:30|30|clock|thirty|three|three-thirty|time
🕟	four-thirty	30|4|4:30|clock|four|four-thirty|thirty|time
🕠	five-thirty	30|5|5:30|clock|five|five-thirty|thirty|time
🕡	six-thirty	30|6|6:30|clock|six|six-thirty|thirty
🕢	seven-thirty	30|7|7:30|clock|seven|seven-thirty|thirty
🕣	eight-thirty	30|8|8:30|clock|eight|eight-thirty|thirty|time
🕤	nine-thirty	30|9|9:30|clock|nine|nine-thirty|thirty|time
🕥	ten-thirty	10|10:30|30|clock|ten|ten-thirty|thirty|time
🕦	eleven-thirty	11|11:30|30|clock|eleven|eleven-thirty|thirty|time
🕧	twelve-thirty	12|12:30|30|clock|thirty|time|twelve|twelve-thirty
🕯️	candle	candle|light
🕰️	mantelpiece clock	clock|mantelpiece|time
🕳️	hole	hole
🕴️	person in suit levitating	business|levitating|person|suit
🕵️	detective	detective|sleuth|spy
🕵️‍♀️	woman detective	detective|sleuth|spy|woman
🕵️‍♂️	man detective	detective|man|sleuth|spy
🕶️	sunglasses	dark|eye|eyewear|glasses|sunglasses
🕷️	spider	animal|insect|spider
🕸️	spider web	spider|web
🕹️	joystick	game|joystick|video|videogame
🕺	man dancing	dance|dancer|dancing|elegant|festive|flair|flamenco|groove|let’s|man|salsa|tango
🖇️	linked paperclips	link|linked|paperclip|paperclips
🖊️	pen	ballpoint|pen
🖋️	fountain pen	fountain|pen
🖌️	paintbrush	paintbrush|painting
🖍️	crayon	crayon
🖐️	hand with fingers splayed	finger|fingers|hand|raised|splayed|stop
🖕	middle finger	finger|hand|middle
🖖	vulcan salute	finger|hand|hands|salute|Vulcan
🖤	black heart	black|evil|heart|wicked
🖥️	desktop computer	computer|desktop|monitor
🖨️	printer	computer|printer
🖱️	computer mouse	computer|mouse
🖲️	trackball	computer|trackball
🖼️	framed picture	art|frame|framed|museum|painting|picture
🗂️	card index dividers	card|dividers|index
🗃️	card file box	box|card|file
🗄️	file cabinet	cabinet|file|filing|paper
🗑️	wastebasket	can|garbage|trash|waste|wastebasket
🗒️	spiral notepad	note|notepad|pad|spiral
🗓️	spiral calendar	calendar|pad|spiral
🗜️	clamp	clamp|compress|tool|vice
🗝️	old key	clue|key|lock|old
🗞️	rolled-up newspaper	news|newspaper|paper|rolled|rolled-up
🗡️	dagger	dagger|knife|weapon
🗣️	speaking head	face|head|silhouette|speak|speaking
🗨️	left speech bubble	balloon|bubble|dialog|left|speech
🗯️	right anger bubble	anger|angry|balloon|bubble|mad|right
🗳️	ballot box with ballot	ballot|box
🗺️	world map	map|world
🗻	mount fuji	fuji|mount|mountain|nature
🗼	Tokyo tower	Tokyo|tower
🗽	Statue of Liberty	liberty|Liberty|new|ny|nyc|statue|Statue|york
🗾	map of Japan	Japan|map
🗿	moai	face|moai|moyai|statue|stoneface|travel
😀	grinning face	cheerful|cheery|face|grin|grinning|happy|laugh|nice|smile|smiling|teeth
😁	beaming face with smiling eyes	beaming|eye|eyes|face|grin|grinning|happy|nice|smile|smiling|teeth
😂	face with tears of joy	crying|face|feels|funny|haha|happy|hehe|hilarious|joy|laugh|lmao|lol|rofl|roflmao|tear
😃	grinning face with big eyes	awesome|big|eyes|face|grin|grinning|happy|mouth|open|smile|smiling|teeth|yay
😄	grinning face with smiling eyes	eye|eyes|face|grin|grinning|happy|laugh|lol|mouth|open|smile|smiling
😅	grinning face with sweat	cold|dejected|excited|face|grinning|mouth|nervous|open|smile|smiling|stress|stressed|sweat
😆	grinning squinting face	closed|eyes|face|grinning|haha|hahaha|happy|laugh|lol|mouth|open|rofl|smile|smiling|squinting
😇	smiling face with halo	angel|angelic|angels|blessed|face|fairy|fairytale|fantasy|halo|happy|innocent|peaceful|smile|smiling|spirit|tale
😈	smiling face with horns	demon|devil|evil|face|fairy|fairytale|fantasy|horns|purple|shade|smile|smiling|tale
😉	winking face	face|flirt|heartbreaker|sexy|slide|tease|wink|winking|winks
😊	smiling face with smiling eyes	blush|eye|eyes|face|glad|satisfied|smile|smiling
😋	face savoring food	delicious|eat|face|food|full|hungry|savor|smile|smiling|tasty|um|yum|yummy
😌	relieved face	calm|face|peace|relief|relieved|zen
😍	smiling face with heart-eyes	143|bae|eye|face|feels|heart-eyes|hearts|ily|kisses|love|romance|romantic|smile|xoxo
😎	smiling face with sunglasses	awesome|beach|bright|bro|chilling|cool|face|rad|relaxed|shades|slay|smile|style|sunglasses|swag|win
😏	smirking face	boss|dapper|face|flirt|homie|kidding|leer|shade|slick|sly|smirk|smug|snicker|suave|suspicious|swag
😐	neutral face	awkward|blank|deadpan|expressionless|face|fine|jealous|meh|neutral|oh|shade|straight|unamused|unhappy|unimpressed|whatever
😑	expressionless face	awkward|dead|expressionless|face|fine|inexpressive|jealous|meh|not|oh|omg|straight|uh|unhappy|unimpressed|whatever
😒	unamused face	...|bored|face|fine|jealous|jel|jelly|pissed|smh|ugh|uhh|unamused|unhappy|weird|whatever
😓	downcast face with sweat	close|cold|downcast|face|feels|headache|nervous|sad|scared|sweat|yikes
😔	pensive face	awful|bored|dejected|died|disappointed|face|losing|lost|pensive|sad|sucks
😕	confused face	befuddled|confused|confusing|dunno|face|frown|hm|meh|not|sad|sorry|sure
😖	confounded face	annoyed|confounded|confused|cringe|distraught|face|feels|frustrated|mad|sad
😗	kissing face	143|date|dating|face|flirt|ily|kiss|love|smooch|smooches|xoxo|you
😘	face blowing a kiss	adorbs|bae|blowing|face|flirt|heart|ily|kiss|love|lover|miss|muah|romantic|smooch|xoxo|you
😙	kissing face with smiling eyes	143|closed|date|dating|eye|eyes|face|flirt|ily|kiss|kisses|kissing|love|night|smile|smiling
😚	kissing face with closed eyes	143|bae|blush|closed|date|dating|eye|eyes|face|flirt|ily|kisses|kissing|smooches|xoxo
😛	face with tongue	awesome|cool|face|nice|party|stuck-out|sweet|tongue
😜	winking face with tongue	crazy|epic|eye|face|funny|joke|loopy|nutty|party|stuck-out|tongue|wacky|weirdo|wink|winking|yolo
😝	squinting face with tongue	closed|eye|eyes|face|gross|horrible|omg|squinting|stuck-out|taste|tongue|whatever|yolo
😞	disappointed face	awful|blame|dejected|disappointed|face|fail|losing|sad|unhappy
😟	worried face	anxious|butterflies|face|nerves|nervous|sad|stress|stressed|surprised|worried|worry
😠	angry face	anger|angry|blame|face|feels|frustrated|mad|maddening|rage|shade|unhappy|upset
😡	enraged face	anger|angry|enraged|face|feels|mad|maddening|pouting|rage|red|shade|unhappy|upset
😢	crying face	awful|cry|crying|face|feels|miss|sad|tear|triste|unhappy
😣	persevering face	concentrate|concentration|face|focus|headache|persevere|persevering
😤	face with steam from nose	anger|angry|face|feels|fume|fuming|furious|fury|mad|nose|steam|triumph|unhappy|won
😥	sad but relieved face	anxious|call|close|complicated|disappointed|face|not|relieved|sad|sweat|time|whew
😦	frowning face with open mouth	caught|face|frown|frowning|guard|mouth|open|scared|scary|surprise|what|wow
😧	anguished face	anguished|face|forgot|scared|scary|stressed|surprise|unhappy|what|wow
😨	fearful face	afraid|anxious|blame|face|fear|fearful|scared|worried
😩	weary face	crying|face|fail|feels|hungry|mad|nooo|sad|sleepy|tired|unhappy|weary
😪	sleepy face	crying|face|good|night|sad|sleep|sleeping|sleepy|tired
😫	tired face	cost|face|feels|nap|sad|sneeze|tired
😬	grimacing face	awk|awkward|dentist|face|grimace|grimacing|grinning|smile|smiling
😭	loudly crying face	bawling|cry|crying|face|loudly|sad|sob|tear|tears|unhappy
😮	face with open mouth	believe|face|forgot|mouth|omg|open|shocked|surprised|sympathy|unbelievable|unreal|whoa|wow|you
😮‍💨	face exhaling	blow|blowing|exhale|exhaling|exhausted|face|gasp|groan|relief|sigh|smiley|smoke|whisper|whistle
😯	hushed face	epic|face|hushed|omg|stunned|surprised|whoa|woah
😰	anxious face with sweat	anxious|blue|cold|eek|face|mouth|nervous|open|rushed|scared|sweat|yikes
😱	face screaming in fear	epic|face|fear|fearful|munch|scared|scream|screamer|screaming|shocked|surprised|woah
😲	astonished face	astonished|cost|face|no|omg|shocked|totally|way
😳	flushed face	amazed|awkward|crazy|dazed|dead|disbelief|embarrassed|face|flushed|geez|heat|hot|impressed|jeez|what|wow
😴	sleeping face	bed|bedtime|face|good|goodnight|nap|night|sleep|sleeping|tired|whatever|yawn|zzz
😵	face with crossed-out eyes	crossed-out|dead|dizzy|eyes|face|feels|knocked|out|sick|tired
😵‍💫	face with spiral eyes	confused|dizzy|eyes|face|hypnotized|omg|smiley|spiral|trouble|whoa|woah|woozy
😶	face without mouth	awkward|blank|expressionless|face|mouth|mouthless|mute|quiet|secret|silence|silent|speechless
😶‍🌫️	face in clouds	absentminded|clouds|face|fog|head
😷	face with medical mask	cold|dentist|dermatologist|doctor|dr|face|germs|mask|medical|medicine|sick
😸	grinning cat with smiling eyes	animal|cat|eye|eyes|face|grin|grinning|smile|smiling
😹	cat with tears of joy	animal|cat|face|joy|laugh|laughing|lol|tear|tears
😺	grinning cat	animal|cat|face|grinning|mouth|open|smile|smiling
😻	smiling cat with heart-eyes	animal|cat|eye|face|heart|heart-eyes|love|smile|smiling
😼	cat with wry smile	animal|cat|face|ironic|smile|wry
😽	kissing cat	animal|cat|closed|eye|eyes|face|kiss|kissing
😾	pouting cat	animal|cat|face|pouting
😿	crying cat	animal|cat|cry|crying|face|sad|tear
🙀	weary cat	animal|cat|face|oh|surprised|weary
🙁	slightly frowning face	face|frown|frowning|sad|slightly
🙂	slightly smiling face	face|happy|slightly|smile|smiling
🙂‍↔️	head shaking horizontally	head|horizontally|no|shake|shaking
🙂‍↕️	head shaking vertically	head|nod|shaking|vertically|yes
🙃	upside-down face	face|hehe|smile|upside-down
🙄	face with rolling eyes	eyeroll|eyes|face|rolling|shade|ugh|whatever
🙅	person gesturing NO	forbidden|gesture|hand|NO|not|person|prohibit
🙅‍♀️	woman gesturing NO	forbidden|gesture|hand|NO|not|prohibit|woman
🙅‍♂️	man gesturing NO	forbidden|gesture|hand|man|NO|not|prohibit
🙆	person gesturing OK	exercise|gesture|gesturing|hand|OK|omg|person
🙆‍♀️	woman gesturing OK	exercise|gesture|gesturing|hand|OK|omg|woman
🙆‍♂️	man gesturing OK	exercise|gesture|gesturing|hand|man|OK|omg
🙇	person bowing	apology|ask|beg|bow|bowing|favor|forgive|gesture|meditate|meditation|person|pity|regret|sorry
🙇‍♀️	woman bowing	apology|ask|beg|bow|bowing|favor|forgive|gesture|meditate|meditation|pity|regret|sorry|woman
🙇‍♂️	man bowing	apology|ask|beg|bow|bowing|favor|forgive|gesture|man|meditate|meditation|pity|regret|sorry
🙈	see-no-evil monkey	embarrassed|evil|face|forbidden|forgot|gesture|hide|monkey|no|omg|prohibited|scared|secret|smh|watch
🙉	hear-no-evil monkey	animal|ears|evil|face|forbidden|gesture|hear|listen|monkey|no|not|prohibited|secret|shh|tmi
🙊	speak-no-evil monkey	animal|evil|face|forbidden|gesture|monkey|no|not|oops|prohibited|quiet|secret|speak|stealth
🙋	person raising hand	gesture|hand|here|know|me|person|pick|question|raise|raising
🙋‍♀️	woman raising hand	gesture|hand|here|know|me|pick|question|raise|raising|woman
🙋‍♂️	man raising hand	gesture|hand|here|know|man|me|pick|question|raise|raising
🙌	raising hands	celebration|gesture|hand|hands|hooray|praise|raised|raising
🙍	person frowning	annoyed|disappointed|disgruntled|disturbed|frown|frowning|frustrated|gesture|irritated|person|upset
🙍‍♀️	woman frowning	annoyed|disappointed|disgruntled|disturbed|frown|frowning|frustrated|gesture|irritated|upset|woman
🙍‍♂️	man frowning	annoyed|disappointed|disgruntled|disturbed|frown|frowning|frustrated|gesture|irritated|man|upset
🙎	person pouting	disappointed|downtrodden|frown|grimace|person|pouting|scowl|sulk|upset|whine
🙎‍♀️	woman pouting	disappointed|downtrodden|frown|grimace|pouting|scowl|sulk|upset|whine|woman
🙎‍♂️	man pouting	disappointed|downtrodden|frown|grimace|man|pouting|scowl|sulk|upset|whine
🙏	folded hands	appreciate|ask|beg|blessed|bow|cmon|five|folded|gesture|hand|high|please|pray|thanks|thx
🚀	rocket	launch|rocket|rockets|space|travel
🚁	helicopter	copter|helicopter|roflcopter|travel|vehicle
🚂	locomotive	caboose|engine|locomotive|railway|steam|train|trains|travel
🚃	railway car	car|electric|railway|train|tram|travel|trolleybus
🚄	high-speed train	high-speed|railway|shinkansen|speed|train
🚅	bullet train	bullet|high-speed|nose|railway|shinkansen|speed|train|travel
🚆	train	arrived|choo|railway|train
🚇	metro	metro|subway|travel
🚈	light rail	arrived|light|monorail|rail|railway
🚉	station	railway|station|train
🚊	tram	tram|trolleybus
🚋	tram car	bus|car|tram|trolley|trolleybus
🚌	bus	bus|school|vehicle
🚍	oncoming bus	bus|cars|oncoming
🚎	trolleybus	bus|tram|trolley|trolleybus
🚏	bus stop	bus|busstop|stop
🚐	minibus	bus|drive|minibus|van|vehicle
🚑	ambulance	ambulance|emergency|vehicle
🚒	fire engine	engine|fire|truck
🚓	police car	5–0|car|cops|patrol|police
🚔	oncoming police car	car|oncoming|police
🚕	taxi	cab|cabbie|car|drive|taxi|vehicle|yellow
🚖	oncoming taxi	cab|cabbie|cars|drove|hail|oncoming|taxi|yellow
🚗	automobile	automobile|car|driving|vehicle
🚘	oncoming automobile	automobile|car|cars|drove|oncoming|vehicle
🚙	sport utility vehicle	car|drive|recreational|sport|sportutility|utility|vehicle
🚚	delivery truck	car|delivery|drive|truck|vehicle
🚛	articulated lorry	articulated|car|drive|lorry|move|semi|truck|vehicle
🚜	tractor	tractor|vehicle
🚝	monorail	monorail|vehicle
🚞	mountain railway	car|mountain|railway|trip
🚟	suspension railway	railway|suspension
🚠	mountain cableway	cable|cableway|gondola|lift|mountain|ski
🚡	aerial tramway	aerial|cable|car|gondola|ropeway|tramway
🚢	ship	boat|passenger|ship|travel
🚣	person rowing boat	boat|canoe|cruise|fishing|lake|oar|paddle|person|raft|river|row|rowboat|rowing
🚣‍♀️	woman rowing boat	boat|canoe|cruise|fishing|lake|oar|paddle|raft|river|row|rowboat|rowing|woman
🚣‍♂️	man rowing boat	boat|canoe|cruise|fishing|lake|man|oar|paddle|raft|river|row|rowboat|rowing
🚤	speedboat	billionaire|boat|lake|luxury|millionaire|speedboat|summer|travel
🚥	horizontal traffic light	horizontal|intersection|light|signal|stop|stoplight|traffic
🚦	vertical traffic light	drove|intersection|light|signal|stop|stoplight|traffic|vertical
🚧	construction	barrier|construction
🚨	police car light	alarm|alert|beacon|car|emergency|light|police|revolving|siren
🚩	triangular flag	construction|flag|golf|post|triangular
🚪	door	back|closet|door|front
🚫	prohibited	entry|forbidden|no|not|prohibited|smoke
🚬	cigarette	cigarette|smoking
🚭	no smoking	forbidden|no|not|prohibited|smoke|smoking
🚮	litter in bin sign	bin|litter|litterbin|sign
🚯	no littering	forbidden|litter|littering|no|not|prohibited
🚰	potable water	drinking|potable|water
🚱	non-potable water	dry|non-drinking|non-potable|prohibited|water
🚲	bicycle	bicycle|bike|class|cycle|cycling|cyclist|gang|ride|spin|spinning
🚳	no bicycles	bicycle|bicycles|bike|forbidden|no|not|prohibited
🚴	person biking	bicycle|bicyclist|bike|biking|cycle|cyclist|person|riding|sport
🚴‍♀️	woman biking	bicycle|bicyclist|bike|biking|cycle|cyclist|riding|sport|woman
🚴‍♂️	man biking	bicycle|bicyclist|bike|biking|cycle|cyclist|man|riding|sport
🚵	person mountain biking	bicycle|bicyclist|bike|biking|cycle|cyclist|mountain|person|riding|sport
🚵‍♀️	woman mountain biking	bicycle|bicyclist|bike|biking|cycle|cyclist|mountain|riding|sport|woman
🚵‍♂️	man mountain biking	bicycle|bicyclist|bike|biking|cycle|cyclist|man|mountain|riding|sport
🚶	person walking	amble|gait|hike|man|pace|pedestrian|person|stride|stroll|walk|walking
🚶‍♀️	woman walking	amble|gait|hike|man|pace|pedestrian|stride|stroll|walk|walking|woman
🚶‍♀️‍➡️	woman walking facing right	woman walking facing right
🚶‍♂️	man walking	amble|gait|hike|man|pace|pedestrian|stride|stroll|walk|walking
🚶‍♂️‍➡️	man walking facing right	man walking facing right
🚶‍➡️	person walking facing right	person walking facing right
🚷	no pedestrians	forbidden|no|not|pedestrian|pedestrians|prohibited
🚸	children crossing	child|children|crossing|pedestrian|traffic
🚹	men’s room	bathroom|lavatory|man|men’s|restroom|room|toilet|WC
🚺	women’s room	bathroom|lavatory|restroom|room|toilet|WC|woman|women’s
🚻	restroom	bathroom|lavatory|restroom|toilet|WC
🚼	baby symbol	baby|changing|symbol
🚽	toilet	bathroom|toilet
🚾	water closet	bathroom|closet|lavatory|restroom|toilet|water|WC
🚿	shower	shower|water
🛀	person taking bath	bath|bathtub|person|taking|tub
🛁	bathtub	bath|bathtub
🛂	passport control	control|passport
🛃	customs	customs|packing
🛄	baggage claim	arrived|baggage|bags|case|checked|claim|journey|packing|plane|ready|travel|trip
🛅	left luggage	baggage|case|left|locker|luggage
🛋️	couch and lamp	couch|hotel|lamp
🛌	person in bed	bed|bedtime|good|goodnight|hotel|nap|night|person|sleep|tired|zzz
🛍️	shopping bags	bag|bags|hotel|shopping
🛎️	bellhop bell	bell|bellhop|hotel
🛏️	bed	bed|hotel|sleep
🛐	place of worship	place|pray|religion|worship
🛑	stop sign	octagonal|sign|stop
🛒	shopping cart	cart|shopping|trolley
🛕	hindu temple	hindu|temple
🛖	hut	home|house|hut|roundhouse|shelter|yurt
🛗	elevator	accessibility|elevator|hoist|lift
🛘	landslide	avalanche|danger|disaster|earthquake|mountain|mudslide|rocks
🛜	wireless	broadband|computer|connectivity|hotspot|internet|network|router|smartphone|wi-fi|wifi|wireless|wlan
🛝	playground slide	amusement|park|play|playground|playing|slide|sliding|theme
🛞	wheel	car|circle|tire|turn|vehicle|wheel
🛟	ring buoy	buoy|float|life|lifesaver|preserver|rescue|ring|safety|save|saver|swim
🛠️	hammer and wrench	hammer|spanner|tool|wrench
🛡️	shield	shield|weapon
🛢️	oil drum	drum|oil
🛣️	motorway	highway|motorway|road
🛤️	railway track	railway|track|train
🛥️	motor boat	boat|motor|motorboat
🛩️	small airplane	aeroplane|airplane|plane|small
🛫	airplane departure	aeroplane|airplane|check-in|departure|departures|plane
🛬	airplane arrival	aeroplane|airplane|arrival|arrivals|arriving|landing|plane
🛰️	satellite	satellite|space
🛳️	passenger ship	passenger|ship
🛴	kick scooter	kick|scooter
🛵	motor scooter	motor|scooter
🛶	canoe	boat|canoe
🛷	sled	luge|sled|sledge|sleigh|snow|toboggan
🛸	flying saucer	aliens|extra|flying|saucer|terrestrial|UFO
🛹	skateboard	board|skate|skateboard|skater|wheels
🛺	auto rickshaw	auto|rickshaw|tuk
🛻	pickup truck	automobile|car|flatbed|pick-up|pickup|transportation|truck
🛼	roller skate	blades|roller|skate|skates|sport
🟠	orange circle	circle|orange
🟡	yellow circle	circle|yellow
🟢	green circle	circle|green
🟣	purple circle	circle|purple
🟤	brown circle	brown|circle
🟥	red square	card|penalty|red|square
🟦	blue square	blue|square
🟧	orange square	orange|square
🟨	yellow square	card|penalty|square|yellow
🟩	green square	green|square
🟪	purple square	purple|square
🟫	brown square	brown|square
🟰	heavy equals sign	answer|equal|equality|equals|heavy|math|sign
🤌	pinched fingers	fingers|gesture|hand|hold|huh|interrogation|patience|pinched|relax|sarcastic|ugh|what|zip
🤍	white heart	143|heart|white
🤎	brown heart	143|brown|heart
🤏	pinching hand	amount|bit|fingers|hand|little|pinching|small|sort
🤐	zipper-mouth face	face|keep|mouth|quiet|secret|shut|zip|zipper|zipper-mouth
🤑	money-mouth face	face|money|money-mouth|mouth|paid
🤒	face with thermometer	face|ill|sick|thermometer
🤓	nerd face	brainy|clever|expert|face|geek|gifted|glasses|intelligent|nerd|smart
🤔	thinking face	chin|consider|face|hmm|ponder|pondering|thinking|wondering
🤕	face with head-bandage	bandage|face|head-bandage|hurt|injury|ouch
🤖	robot	face|monster|robot
🤗	smiling face with open hands	face|hands|hug|hugging|open|smiling
🤘	sign of the horns	finger|hand|horns|rock-on|sign
🤙	call me hand	call|hand|hang|loose|me|Shaka
🤚	raised back of hand	back|backhand|hand|raised
🤛	left-facing fist	fist|left-facing|leftwards
🤜	right-facing fist	fist|right-facing|rightwards
🤝	handshake	agreement|deal|hand|handshake|meeting|shake
🤞	crossed fingers	cross|crossed|finger|fingers|hand|luck
🤟	love-you gesture	fingers|gesture|hand|ILY|love|love-you|three|you
🤠	cowboy hat face	cowboy|cowgirl|face|hat
🤡	clown face	clown|face
🤢	nauseated face	face|gross|nasty|nauseated|sick|vomit
🤣	rolling on the floor laughing	crying|face|floor|funny|haha|happy|hehe|hilarious|joy|laugh|lmao|lol|rofl|roflmao|rolling|tear
🤤	drooling face	drooling|face
🤥	lying face	face|liar|lie|lying|pinocchio
🤦	person facepalming	again|bewilder|disbelief|exasperation|facepalm|no|not|oh|omg|person|shock|smh
🤦‍♀️	woman facepalming	again|bewilder|disbelief|exasperation|facepalm|no|not|oh|omg|shock|smh|woman
🤦‍♂️	man facepalming	again|bewilder|disbelief|exasperation|facepalm|man|no|not|oh|omg|shock|smh
🤧	sneezing face	face|fever|flu|gesundheit|sick|sneeze|sneezing
🤨	face with raised eyebrow	disapproval|disbelief|distrust|emoji|eyebrow|face|hmm|mild|raised|skeptic|skeptical|skepticism|surprise|what
🤩	star-struck	excited|eyes|face|grinning|smile|star|star-struck|starry-eyed|wow
🤪	zany face	crazy|eye|eyes|face|goofy|large|small|zany
🤫	shushing face	face|quiet|shh|shush|shushing
🤬	face with symbols on mouth	censor|cursing|cussing|face|mad|mouth|pissed|swearing|symbols
🤭	face with hand over mouth	face|giggle|giggling|hand|mouth|oops|realization|secret|shock|sudden|surprise|whoops
🤮	face vomiting	barf|ew|face|gross|puke|sick|spew|throw|up|vomit|vomiting
🤯	exploding head	blown|explode|exploding|head|mind|mindblown|no|shocked|way
🤰	pregnant woman	pregnant|woman
🤱	breast-feeding	baby|breast|breast-feeding|feeding|mom|mother|nursing|woman
🤲	palms up together	cupped|dua|hands|palms|pray|prayer|together|up|wish
🤳	selfie	camera|phone|selfie
🤴	prince	crown|fairy|fairytale|fantasy|king|prince|royal|royalty|tale
🤵	person in tuxedo	formal|person|tuxedo|wedding
🤵‍♀️	woman in tuxedo	formal|tuxedo|wedding|woman
🤵‍♂️	man in tuxedo	formal|groom|man|tuxedo|wedding
🤶	Mrs. Claus	celebration|Christmas|claus|fairy|fantasy|holiday|merry|mother|Mrs|santa|tale|xmas
🤷	person shrugging	doubt|dunno|guess|idk|ignorance|indifference|knows|maybe|person|shrug|shrugging|whatever|who
🤷‍♀️	woman shrugging	doubt|dunno|guess|idk|ignorance|indifference|knows|maybe|shrug|shrugging|whatever|who|woman
🤷‍♂️	man shrugging	doubt|dunno|guess|idk|ignorance|indifference|knows|man|maybe|shrug|shrugging|whatever|who
🤸	person cartwheeling	active|cartwheel|cartwheeling|excited|flip|gymnastics|happy|person|somersault
🤸‍♀️	woman cartwheeling	active|cartwheel|cartwheeling|excited|flip|gymnastics|happy|somersault|woman
🤸‍♂️	man cartwheeling	active|cartwheel|cartwheeling|excited|flip|gymnastics|happy|man|somersault
🤹	person juggling	act|balance|balancing|handle|juggle|juggling|manage|multitask|person|skill
🤹‍♀️	woman juggling	act|balance|balancing|handle|juggle|juggling|manage|multitask|skill|woman
🤹‍♂️	man juggling	act|balance|balancing|handle|juggle|juggling|man|manage|multitask|skill
🤺	person fencing	fencer|fencing|person|sword
🤼	people wrestling	combat|duel|grapple|people|ring|tournament|wrestle|wrestling
🤼‍♀️	women wrestling	combat|duel|grapple|ring|tournament|women|wrestle|wrestling
🤼‍♂️	men wrestling	combat|duel|grapple|men|ring|tournament|wrestle|wrestling
🤽	person playing water polo	person|playing|polo|sport|swimming|water|waterpolo
🤽‍♀️	woman playing water polo	playing|polo|sport|swimming|water|waterpolo|woman
🤽‍♂️	man playing water polo	man|playing|polo|sport|swimming|water|waterpolo
🤾	person playing handball	athletics|ball|catch|chuck|handball|hurl|lob|person|pitch|playing|sport|throw|toss
🤾‍♀️	woman playing handball	athletics|ball|catch|chuck|handball|hurl|lob|pitch|playing|sport|throw|toss|woman
🤾‍♂️	man playing handball	athletics|ball|catch|chuck|handball|hurl|lob|man|pitch|playing|sport|throw|toss
🤿	diving mask	diving|mask|scuba|snorkeling
🥀	wilted flower	dying|flower|wilted
🥁	drum	drum|drumsticks|music
🥂	clinking glasses	celebrate|clink|clinking|drink|glass|glasses
🥃	tumbler glass	glass|liquor|scotch|shot|tumbler|whiskey|whisky
🥄	spoon	eat|spoon|tableware
🥅	goal net	goal|net
🥇	1st place medal	1st|first|gold|medal|place
🥈	2nd place medal	2nd|medal|place|second|silver
🥉	3rd place medal	3rd|bronze|medal|place|third
🥊	boxing glove	boxing|glove
🥋	martial arts uniform	arts|judo|karate|martial|taekwondo|uniform
🥌	curling stone	curling|game|rock|stone
🥍	lacrosse	ball|goal|lacrosse|sports|stick
🥎	softball	ball|glove|softball|sports|underarm
🥏	flying disc	disc|flying|ultimate
🥐	croissant	bread|breakfast|crescent|croissant|food|french|roll
🥑	avocado	avocado|food|fruit
🥒	cucumber	cucumber|food|pickle|vegetable
🥓	bacon	bacon|breakfast|food|meat
🥔	potato	food|potato|vegetable
🥕	carrot	carrot|food|vegetable
🥖	baguette bread	baguette|bread|food|french
🥗	green salad	food|green|salad
🥘	shallow pan of food	casserole|food|paella|pan|shallow
🥙	stuffed flatbread	falafel|flatbread|food|gyro|kebab|stuffed
🥚	egg	breakfast|egg|food
🥛	glass of milk	drink|glass|milk
🥜	peanuts	food|nut|peanut|peanuts|vegetable
🥝	kiwi fruit	food|fruit|kiwi
🥞	pancakes	breakfast|crêpe|food|hotcake|pancake|pancakes
🥟	dumpling	dumpling|empanada|gyōza|jiaozi|pierogi|potsticker
🥠	fortune cookie	cookie|fortune|prophecy
🥡	takeout box	box|chopsticks|delivery|food|oyster|pail|takeout
🥢	chopsticks	chopsticks|hashi|jeotgarak|kuaizi
🥣	bowl with spoon	bowl|breakfast|cereal|congee|oatmeal|porridge|spoon
🥤	cup with straw	cup|drink|juice|malt|soda|soft|straw|water
🥥	coconut	coconut|colada|palm|piña
🥦	broccoli	broccoli|cabbage|wild
🥧	pie	apple|filling|fruit|meat|pastry|pie|pumpkin|slice
🥨	pretzel	convoluted|pretzel|twisted
🥩	cut of meat	chop|cut|lambchop|meat|porkchop|red|steak
🥪	sandwich	bread|sandwich
🥫	canned food	can|canned|food
🥬	leafy green	bok|burgers|cabbage|choy|green|kale|leafy|lettuce|salad
🥭	mango	food|fruit|mango|tropical
🥮	moon cake	autumn|cake|festival|moon|yuèbǐng
🥯	bagel	bagel|bakery|bread|breakfast|schmear
🥰	smiling face with hearts	3|adore|crush|face|heart|hearts|ily|love|romance|smile|smiling|you
🥱	yawning face	bedtime|bored|face|goodnight|nap|night|sleep|sleepy|tired|whatever|yawn|yawning|zzz
🥲	smiling face with tear	face|glad|grateful|happy|joy|pain|proud|relieved|smile|smiley|smiling|tear|touched
🥳	partying face	bday|birthday|celebrate|celebration|excited|face|happy|hat|hooray|horn|party|partying
🥴	woozy face	dizzy|drunk|eyes|face|intoxicated|mouth|tipsy|uneven|wavy|woozy
🥵	hot face	dying|face|feverish|heat|hot|panting|red-faced|stroke|sweating|tongue
🥶	cold face	blue|blue-faced|cold|face|freezing|frostbite|icicles|subzero|teeth
🥷	ninja	assassin|fight|fighter|hidden|ninja|person|secret|skills|sly|soldier|stealth|war
🥸	disguised face	disguise|eyebrow|face|glasses|incognito|moustache|mustache|nose|person|spy|tache|tash
🥹	face holding back tears	admiration|aww|back|cry|embarrassed|face|feelings|grateful|gratitude|holding|joy|please|proud|resist|sad|tears
🥺	pleading face	begging|big|eyes|face|mercy|not|pleading|please|pretty|puppy|sad|why
🥻	sari	clothing|dress|sari
🥼	lab coat	clothes|coat|doctor|dr|experiment|jacket|lab|scientist|white
🥽	goggles	dive|eye|goggles|protection|scuba|swimming|welding
🥾	hiking boot	backpacking|boot|brown|camping|hiking|outdoors|shoe
🥿	flat shoe	ballet|comfy|flat|flats|shoe|slip-on|slipper
🦀	crab	Cancer|crab|zodiac
🦁	lion	alpha|animal|face|Leo|lion|mane|order|rawr|roar|safari|strong|zodiac
🦂	scorpion	Scorpio|scorpion|Scorpius|zodiac
🦃	turkey	bird|gobble|thanksgiving|turkey
🦄	unicorn	face|unicorn
🦅	eagle	animal|bird|eagle|ornithology
🦆	duck	animal|bird|duck|ornithology
🦇	bat	animal|bat|vampire
🦈	shark	animal|fish|shark
🦉	owl	animal|bird|ornithology|owl|wise
🦊	fox	animal|face|fox
🦋	butterfly	butterfly|insect|pretty
🦌	deer	animal|deer
🦍	gorilla	animal|gorilla
🦎	lizard	animal|lizard|reptile
🦏	rhinoceros	animal|rhinoceros
🦐	shrimp	food|shellfish|shrimp|small
🦑	squid	animal|food|mollusk|squid
🦒	giraffe	animal|giraffe|spots
🦓	zebra	animal|stripe|zebra
🦔	hedgehog	animal|hedgehog|spiny
🦕	sauropod	brachiosaurus|brontosaurus|dinosaur|diplodocus|sauropod
🦖	T-Rex	dinosaur|Rex|T|T-Rex|Tyrannosaurus
🦗	cricket	animal|bug|cricket|grasshopper|insect|Orthoptera
🦘	kangaroo	animal|joey|jump|kangaroo|marsupial
🦙	llama	alpaca|animal|guanaco|llama|vicuña|wool
🦚	peacock	animal|bird|colorful|ornithology|ostentatious|peacock|peahen|pretty|proud
🦛	hippopotamus	animal|hippo|hippopotamus
🦜	parrot	animal|bird|ornithology|parrot|pirate|talk
🦝	raccoon	animal|curious|raccoon|sly
🦞	lobster	animal|bisque|claws|lobster|seafood
🦟	mosquito	bite|disease|fever|insect|malaria|mosquito|pest|virus
🦠	microbe	amoeba|bacteria|microbe|science|virus
🦡	badger	animal|badger|honey|pester
🦢	swan	animal|bird|cygnet|duckling|ornithology|swan|ugly
🦣	mammoth	animal|extinction|large|mammoth|tusk|wooly
🦤	dodo	animal|bird|dodo|extinction|large|ornithology
🦥	sloth	lazy|sloth|slow
🦦	otter	animal|fishing|otter|playful
🦧	orangutan	animal|ape|monkey|orangutan
🦨	skunk	animal|skunk|stink
🦩	flamingo	animal|bird|flamboyant|flamingo|ornithology|tropical
🦪	oyster	diving|oyster|pearl
🦫	beaver	animal|beaver|dam|teeth
🦬	bison	animal|bison|buffalo|herd|wisent
🦭	seal	animal|lion|ocean|sea|seal
🦮	guide dog	accessibility|animal|blind|dog|guide
🦯	white cane	accessibility|blind|cane|probing|white
🦴	bone	bone|bones|dog|skeleton|wishbone
🦵	leg	bent|foot|kick|knee|leg|limb
🦶	foot	ankle|feet|foot|kick|stomp
🦷	tooth	dentist|pearly|teeth|tooth|white
🦸	superhero	good|hero|superhero|superpower
🦸‍♀️	woman superhero	good|hero|heroine|superhero|superpower|woman
🦸‍♂️	man superhero	good|hero|man|superhero|superpower
🦹	supervillain	bad|criminal|evil|superpower|supervillain|villain
🦹‍♀️	woman supervillain	bad|criminal|evil|superpower|supervillain|villain|woman
🦹‍♂️	man supervillain	bad|criminal|evil|man|superpower|supervillain|villain
🦺	safety vest	emergency|safety|vest
🦻	ear with hearing aid	accessibility|aid|ear|hard|hearing
🦼	motorized wheelchair	accessibility|motorized|wheelchair
🦽	manual wheelchair	accessibility|manual|wheelchair
🦾	mechanical arm	accessibility|arm|mechanical|prosthetic
🦿	mechanical leg	accessibility|leg|mechanical|prosthetic
🧀	cheese wedge	cheese|wedge
🧁	cupcake	bakery|cupcake|dessert|sprinkles|sugar|sweet|treat
🧂	salt	condiment|flavor|mad|salt|salty|shaker|taste|upset
🧃	beverage box	beverage|box|juice|straw|sweet
🧄	garlic	flavoring|garlic
🧅	onion	flavoring|onion
🧆	falafel	chickpea|falafel|meatball
🧇	waffle	breakfast|indecisive|iron|waffle
🧈	butter	butter|dairy
🧉	mate	drink|mate
🧊	ice	cold|cube|ice|iceberg
🧋	bubble tea	boba|bubble|food|milk|pearl|tea
🧌	troll	fairy|fantasy|monster|tale|troll|trolling
🧍	person standing	person|stand|standing
🧍‍♀️	woman standing	stand|standing|woman
🧍‍♂️	man standing	man|stand|standing
🧎	person kneeling	kneel|kneeling|knees|person
🧎‍♀️	woman kneeling	kneel|kneeling|knees|woman
🧎‍♀️‍➡️	woman kneeling facing right	woman kneeling facing right
🧎‍♂️	man kneeling	kneel|kneeling|knees|man
🧎‍♂️‍➡️	man kneeling facing right	man kneeling facing right
🧎‍➡️	person kneeling facing right	person kneeling facing right
🧏	deaf person	accessibility|deaf|ear|gesture|hear|person
🧏‍♀️	deaf woman	accessibility|deaf|ear|gesture|hear|woman
🧏‍♂️	deaf man	accessibility|deaf|ear|gesture|hear|man
🧐	face with monocle	classy|face|fancy|monocle|rich|stuffy|wealthy
🧑	person	adult|person
🧑‍⚕️	health worker	doctor|health|healthcare|nurse|therapist|worker
🧑‍⚖️	judge	judge|justice|law|scales
🧑‍✈️	pilot	pilot|plane
🧑‍❤️‍💋‍🧑	kiss	couple|kiss|people
🧑‍❤️‍🧑	couple with heart	couple|heart|people
🧑‍🌾	farmer	farmer|gardener|rancher
🧑‍🍳	cook	chef|cook
🧑‍🍼	person feeding baby	baby|feed|feeding|nanny|newborn|nursing|parent
🧑‍🎄	Mx Claus	celebration|Christmas|claus|fairy|fantasy|holiday|merry|Mx|santa|tale|xmas
🧑‍🎓	student	graduate|student
🧑‍🎤	singer	actor|entertainer|rock|rockstar|singer|star
🧑‍🎨	artist	artist|palette
🧑‍🏫	teacher	instructor|lecturer|professor|teacher
🧑‍🏭	factory worker	assembly|factory|industrial|worker
🧑‍🐰‍🧑	people with bunny ears	bunny|ears|people
🧑‍💻	technologist	coder|computer|developer|inventor|software|technologist
🧑‍💼	office worker	architect|business|manager|office|white-collar|worker
🧑‍🔧	mechanic	electrician|mechanic|plumber|tradesperson
🧑‍🔬	scientist	biologist|chemist|engineer|mathematician|physicist|scientist
🧑‍🚀	astronaut	astronaut|rocket|space
🧑‍🚒	firefighter	fire|firefighter|firetruck
🧑‍🤝‍🧑	people holding hands	bae|bestie|bff|couple|dating|flirt|friends|hand|hold|people|twins
🧑‍🦯	person with white cane	accessibility|blind|cane|person|probing|white
🧑‍🦯‍➡️	person with white cane facing right	person with white cane facing right
🧑‍🦰	person: red hair	person: red hair|red haired person
🧑‍🦱	person: curly hair	person: curly hair|curly haired person
🧑‍🦲	person: bald	person: bald|bald person
🧑‍🦳	person: white hair	person: white hair|white haired person
🧑‍🦼	person in motorized wheelchair	accessibility|motorized|person|wheelchair
🧑‍🦼‍➡️	person in motorized wheelchair facing right	person in motorized wheelchair facing right
🧑‍🦽	person in manual wheelchair	accessibility|manual|person|wheelchair
🧑‍🦽‍➡️	person in manual wheelchair facing right	person in manual wheelchair facing right
🧑‍🧑‍🧒	family: adult, adult, child	adult|child|family
🧑‍🧑‍🧒‍🧒	family: adult, adult, child, child	adult|child|family
🧑‍🧒	family: adult, child	adult|child|family
🧑‍🧒‍🧒	family: adult, child, child	adult|child|family
🧑‍🩰	ballet dancer	ballet|dancer
🧑‍🫯‍🧑	people with fight cloud	fight|cloud|people
🧒	child	bright-eyed|child|grandchild|kid|young|younger
🧓	older person	adult|elderly|grandparent|old|person|wise
🧔	person: beard	beard|bearded|person|whiskers
🧔‍♀️	woman: beard	beard|bearded|whiskers|woman
🧔‍♂️	man: beard	beard|bearded|man|whiskers
🧕	woman with headscarf	bandana|head|headscarf|hijab|kerchief|mantilla|tichel|woman
🧖	person in steamy room	day|luxurious|pamper|person|relax|room|sauna|spa|steam|steambath|unwind
🧖‍♀️	woman in steamy room	day|luxurious|pamper|relax|room|sauna|spa|steam|steambath|unwind|woman
🧖‍♂️	man in steamy room	day|luxurious|man|pamper|relax|room|sauna|spa|steam|steambath|unwind
🧗	person climbing	climb|climber|climbing|mountain|person|rock|scale|up
🧗‍♀️	woman climbing	climb|climber|climbing|mountain|rock|scale|up|woman
🧗‍♂️	man climbing	climb|climber|climbing|man|mountain|rock|scale|up
🧘	person in lotus position	cross|legged|legs|lotus|meditation|peace|person|position|relax|serenity|yoga|yogi|zen
🧘‍♀️	woman in lotus position	cross|legged|legs|lotus|meditation|peace|position|relax|serenity|woman|yoga|yogi|zen
🧘‍♂️	man in lotus position	cross|legged|legs|lotus|man|meditation|peace|position|relax|serenity|yoga|yogi|zen
🧙	mage	fantasy|mage|magic|play|sorcerer|sorceress|sorcery|spell|summon|witch|wizard
🧙‍♀️	woman mage	fantasy|mage|magic|play|sorcerer|sorceress|sorcery|spell|summon|witch|wizard|woman
🧙‍♂️	man mage	fantasy|mage|magic|man|play|sorcerer|sorceress|sorcery|spell|summon|witch|wizard
🧚	fairy	fairy|fairytale|fantasy|myth|person|pixie|tale|wings
🧚‍♀️	woman fairy	fairy|fairytale|fantasy|myth|person|pixie|tale|Titania|wings|woman
🧚‍♂️	man fairy	fairy|fairytale|fantasy|man|myth|Oberon|person|pixie|Puck|tale|wings
🧛	vampire	blood|Dracula|fangs|halloween|scary|supernatural|teeth|undead|vampire
🧛‍♀️	woman vampire	blood|fangs|halloween|scary|supernatural|teeth|undead|vampire|woman
🧛‍♂️	man vampire	blood|fangs|halloween|man|scary|supernatural|teeth|undead|vampire
🧜	merperson	creature|fairytale|folklore|merperson|ocean|sea|siren|trident
🧜‍♀️	mermaid	creature|fairytale|folklore|mermaid|merwoman|ocean|sea|siren|trident
🧜‍♂️	merman	creature|fairytale|folklore|merman|Neptune|ocean|Poseidon|sea|siren|trident|Triton
🧝	elf	elf|elves|enchantment|fantasy|folklore|magic|magical|myth
🧝‍♀️	woman elf	elf|elves|enchantment|fantasy|folklore|magic|magical|myth|woman
🧝‍♂️	man elf	elf|elves|enchantment|fantasy|folklore|magic|magical|man|myth
🧞	genie	djinn|fantasy|genie|jinn|lamp|myth|rub|wishes
🧞‍♀️	woman genie	djinn|fantasy|genie|jinn|lamp|myth|rub|wishes|woman
🧞‍♂️	man genie	djinn|fantasy|genie|jinn|lamp|man|myth|rub|wishes
🧟	zombie	apocalypse|dead|halloween|horror|scary|undead|walking|zombie
🧟‍♀️	woman zombie	apocalypse|dead|halloween|horror|scary|undead|walking|woman|zombie
🧟‍♂️	man zombie	apocalypse|dead|halloween|horror|man|scary|undead|walking|zombie
🧠	brain	brain|intelligent|smart
🧡	orange heart	143|heart|orange
🧢	billed cap	baseball|bent|billed|cap|dad|hat
🧣	scarf	bundle|cold|neck|scarf|up
🧤	gloves	gloves|hand
🧥	coat	brr|bundle|coat|cold|jacket|up
🧦	socks	socks|stocking
🧧	red envelope	envelope|gift|good|hóngbāo|lai|luck|money|red|see
🧨	firecracker	dynamite|explosive|fire|firecracker|fireworks|light|pop|popping|spark
🧩	puzzle piece	clue|interlocking|jigsaw|piece|puzzle
🧪	test tube	chemist|chemistry|experiment|lab|science|test|tube
🧫	petri dish	bacteria|biologist|biology|culture|dish|lab|petri
🧬	dna	biologist|dna|evolution|gene|genetics|life
🧭	compass	compass|direction|magnetic|navigation|orienteering
🧮	abacus	abacus|calculation|calculator
🧯	fire extinguisher	extinguish|extinguisher|fire|quench
🧰	toolbox	box|chest|mechanic|red|tool|toolbox
🧱	brick	brick|bricks|clay|mortar|wall
🧲	magnet	attraction|horseshoe|magnet|magnetic|negative|positive|shape|u
🧳	luggage	bag|luggage|packing|roller|suitcase|travel
🧴	lotion bottle	bottle|lotion|moisturizer|shampoo|sunscreen
🧵	thread	needle|sewing|spool|string|thread
🧶	yarn	ball|crochet|knit|yarn
🧷	safety pin	diaper|pin|punk|rock|safety
🧸	teddy bear	bear|plaything|plush|stuffed|teddy|toy
🧹	broom	broom|cleaning|sweeping|witch
🧺	basket	basket|farming|laundry|picnic
🧻	roll of paper	paper|roll|toilet|towels
🧼	soap	bar|bathing|clean|cleaning|lather|soap|soapdish
🧽	sponge	absorbing|cleaning|porous|soak|sponge
🧾	receipt	accounting|bookkeeping|evidence|invoice|proof|receipt
🧿	nazar amulet	amulet|bead|blue|charm|evil-eye|nazar|talisman
🩰	ballet shoes	ballet|dance|shoes
🩱	one-piece swimsuit	bathing|one-piece|suit|swimsuit
🩲	briefs	bathing|briefs|one-piece|suit|swimsuit|underwear
🩳	shorts	bathing|pants|shorts|suit|swimsuit|underwear
🩴	thong sandal	beach|flip|flop|sandal|sandals|shoe|thong|thongs|zōri
🩵	light blue heart	143|blue|cute|cyan|emotion|heart|ily|light|like|love|sky|special|teal
🩶	grey heart	143|emotion|gray|grey|heart|ily|love|silver|slate|special
🩷	pink heart	143|adorable|cute|emotion|heart|ily|like|love|pink|special|sweet
🩸	drop of blood	bleed|blood|donation|drop|injury|medicine|menstruation
🩹	adhesive bandage	adhesive|bandage
🩺	stethoscope	doctor|heart|medicine|stethoscope
🩻	x-ray	bones|doctor|medical|skeleton|skull|x-ray|xray
🩼	crutch	aid|cane|crutch|disability|help|hurt|injured|mobility|stick
🪀	yo-yo	fluctuate|toy|yo-yo
🪁	kite	fly|kite|soar
🪂	parachute	hang-glide|parachute|parasail|skydive
🪃	boomerang	boomerang|rebound|repercussion|weapon
🪄	magic wand	magic|magician|wand|witch|wizard
🪅	piñata	candy|celebrate|celebration|cinco|de|festive|mayo|party|pinada|pinata|piñata
🪆	nesting dolls	babooshka|baboushka|babushka|doll|dolls|matryoshka|nesting|russia
🪇	maracas	cha|dance|instrument|maracas|music|party|percussion|rattle|shake|shaker
🪈	flute	band|fife|flautist|flute|instrument|marching|music|orchestra|piccolo|pipe|recorder|woodwind
🪉	harp	cupid|harp|instrument|love|music|orchestra
🪊	trombone	brass|instrument|jazz|music|sad|slide
🪎	treasure chest	gem|gold|jewels|loot|money|prize|silver|valuables|wealth
🪏	shovel	bury|dig|garden|hole|plant|scoop|shovel|snow|spade
🪐	ringed planet	planet|ringed|saturn|saturnine
🪑	chair	chair|seat|sit
🪒	razor	razor|sharp|shave
🪓	axe	ax|axe|chop|hatchet|split|wood
🪔	diya lamp	diya|lamp|light|oil
🪕	banjo	banjo|music|stringed
🪖	military helmet	army|helmet|military|soldier|war|warrior
🪗	accordion	accordion|box|concertina|instrument|music|squeeze|squeezebox
🪘	long drum	beat|conga|drum|instrument|long|rhythm
🪙	coin	coin|dollar|euro|gold|metal|money|rich|silver|treasure
🪚	carpentry saw	carpenter|carpentry|cut|lumber|saw|tool|trim
🪛	screwdriver	flathead|handy|screw|screwdriver|tool
🪜	ladder	climb|ladder|rung|step
🪝	hook	catch|crook|curve|ensnare|hook|point|selling
🪞	mirror	makeup|mirror|reflection|reflector|speculum
🪟	window	air|frame|fresh|opening|transparent|view|window
🪠	plunger	cup|force|plumber|plunger|poop|suction|toilet
🪡	sewing needle	embroidery|needle|sew|sewing|stitches|sutures|tailoring|thread
🪢	knot	cord|knot|rope|tangled|tie|twine|twist
🪣	bucket	bucket|cask|pail|vat
🪤	mouse trap	bait|cheese|lure|mouse|mousetrap|snare|trap
🪥	toothbrush	bathroom|brush|clean|dental|hygiene|teeth|toiletry|toothbrush
🪦	headstone	cemetery|dead|grave|graveyard|headstone|memorial|rip|tomb|tombstone
🪧	placard	card|demonstration|notice|picket|placard|plaque|protest|sign
🪨	rock	boulder|heavy|rock|solid|stone|tough
🪩	mirror ball	ball|dance|disco|glitter|mirror|party
🪪	identification card	card|credentials|document|ID|identification|license|security
🪫	low battery	battery|drained|electronic|energy|low|power
🪬	hamsa	amulet|Fatima|fortune|guide|hamsa|hand|Mary|Miriam|palm|protect|protection
🪭	folding hand fan	clack|clap|cool|cooling|dance|fan|flirt|flutter|folding|hand|hot|shy
🪮	hair pick	Afro|comb|groom|hair|pick
🪯	khanda	Deg|Fateh|Khalsa|Khanda|religion|Sikh|Sikhism|Tegh
🪰	fly	animal|disease|fly|insect|maggot|pest|rotting
🪱	worm	animal|annelid|earthworm|parasite|worm
🪲	beetle	animal|beetle|bug|insect
🪳	cockroach	animal|cockroach|insect|pest|roach
🪴	potted plant	decor|grow|house|nurturing|plant|pot|potted
🪵	wood	log|lumber|timber|wood
🪶	feather	bird|feather|flight|light|plumage
🪷	lotus	beauty|Buddhism|calm|flower|Hinduism|lotus|peace|purity|serenity
🪸	coral	change|climate|coral|ocean|reef|sea
🪹	empty nest	branch|empty|home|nest|nesting
🪺	nest with eggs	bird|branch|egg|eggs|nest|nesting
🪻	hyacinth	bloom|bluebonnet|flower|hyacinth|indigo|lavender|lilac|lupine|plant|purple|shrub|snapdragon|spring|violet
🪼	jellyfish	animal|aquarium|burn|invertebrate|jelly|jellyfish|life|marine|ocean|ouch|plankton|sea|sting|stinger|tentacles
🪽	wing	angelic|ascend|aviation|bird|fly|flying|heavenly|mythology|soar|wing
🪾	leafless tree	bare|barren|branches|dead|drought|leafless|tree|trunk|winter|wood
🪿	goose	animal|bird|duck|flock|fowl|gaggle|gander|geese|goose|honk|ornithology|silly
🫀	anatomical heart	anatomical|beat|cardiology|heart|heartbeat|organ|pulse|real|red
🫁	lungs	breath|breathe|exhalation|inhalation|lung|lungs|organ|respiration
🫂	people hugging	comfort|embrace|farewell|friendship|goodbye|hello|hug|hugging|love|people|thanks
🫃	pregnant man	belly|bloated|full|man|overeat|pregnant
🫄	pregnant person	belly|bloated|full|overeat|person|pregnant|stuffed
🫅	person with crown	crown|monarch|noble|person|regal|royal|royalty
🫆	fingerprint	clue|crime|detective|fingerprint|forensics|identity|mystery|print|safety|trace
🫈	hairy creature	bigfoot|cryptid|forest|giant|hairy|sasquatch|woodwose|yeti
🫍	orca	marine|ocean|whale
🫎	moose	alces|animal|antlers|elk|mammal|moose
🫏	donkey	animal|ass|burro|donkey|hinny|mammal|mule|stubborn
🫐	blueberries	berries|berry|bilberry|blue|blueberries|blueberry|food|fruit
🫑	bell pepper	bell|capsicum|food|pepper|vegetable
🫒	olive	food|olive
🫓	flatbread	arepa|bread|flatbread|food|gordita|lavash|naan|pita
🫔	tamale	food|mexican|pamonha|tamale|wrapped
🫕	fondue	cheese|chocolate|fondue|food|melted|pot|ski
🫖	teapot	brew|drink|food|pot|tea|teapot
🫗	pouring liquid	accident|drink|empty|glass|liquid|oops|pour|pouring|spill|water
🫘	beans	beans|food|kidney|legume|small
🫙	jar	condiment|container|empty|jar|nothing|sauce|store
🫚	ginger root	beer|ginger|health|herb|natural|root|spice
🫛	pea pod	beans|beanstalk|edamame|legume|pea|pod|soybean|vegetable|veggie
🫜	root vegetable	beet|food|garden|radish|root|salad|turnip|vegetable|vegetarian
🫟	splatter	drip|holi|ink|liquid|mess|paint|spill|splatter|stain
🫠	melting face	disappear|dissolve|embarrassed|face|haha|heat|hot|liquid|lol|melt|melting|sarcasm|sarcastic
🫡	saluting face	face|good|luck|ma’am|OK|respect|salute|saluting|sir|troops|yes
🫢	face with open eyes and hand over mouth	amazement|awe|disbelief|embarrass|eyes|face|gasp|hand|mouth|omg|open|over|quiet|scared|shock|surprise
🫣	face with peeking eye	captivated|embarrass|eye|face|hide|hiding|peek|peeking|peep|scared|shy|stare
🫤	face with diagonal mouth	confused|confusion|diagonal|disappointed|doubt|doubtful|face|frustrated|frustration|meh|mouth|skeptical|unsure|whatever|wtv
🫥	dotted line face	depressed|disappear|dotted|face|hidden|hide|introvert|invisible|line|meh|whatever|wtv
🫦	biting lip	anxious|bite|biting|fear|flirt|flirting|kiss|lip|lipstick|nervous|sexy|uncomfortable|worried|worry
🫧	bubbles	bubble|bubbles|burp|clean|floating|pearl|soap|underwater
🫨	shaking face	crazy|daze|earthquake|face|omg|panic|shaking|shock|surprise|vibrate|whoa|wow
🫩	face with bags under eyes	bags|bored|exhausted|eyes|face|fatigued|late|sleepy|tired|weary
🫪	distorted face	anxiety|bloated|panic|shocked|surprised|vulnerable
🫯	fight cloud	argument|brawl|debate|disagreement|fight|ruckus|wrestle
🫰	hand with index finger and thumb crossed	<3|crossed|expensive|finger|hand|heart|index|love|money|snap|thumb
🫱	rightwards hand	hand|handshake|hold|reach|right|rightward|rightwards|shake
🫱‍🫲	handshake	handshake|hands|agreement
🫲	leftwards hand	hand|handshake|hold|left|leftward|leftwards|reach|shake
🫳	palm down hand	dismiss|down|drop|dropped|hand|palm|pick|shoo|up
🫴	palm up hand	beckon|catch|come|hand|hold|know|lift|me|offer|palm|tell
🫵	index pointing at the viewer	at|finger|hand|index|pointing|poke|viewer|you
🫶	heart hands	<3|hands|heart|love|you
🫷	leftwards pushing hand	block|five|halt|hand|high|hold|leftward|leftwards|pause|push|pushing|refuse|slap|stop|wait
🫸	rightwards pushing hand	block|five|halt|hand|high|hold|pause|push|pushing|refuse|rightward|rightwards|slap|stop|wait
